data;horario;n_da_ocorrencia;tipo_de_ocorrencia;km;trecho;sentido;tipo_de_acidente;caminhao;ilesos;levemente_feridos;moderadamente_feridos;gravemente_feridos;mortos;3
05/01/2010;23:25:00;56;com vítima;106,9;BR-116/RJ;Norte;Colisão traseira;1;1;1;;;;1
05/01/2010;14:11:00;26;com vítima;108,1;BR-116/RJ;Norte;Atropel. de pedestre atravessando;2;2;1;;;;1
08/01/2010;20:35:00;29;com vítima;83,6;BR-116/RJ;Norte;Colisão traseira;1;1;;1;;;2
08/01/2010;06:40:00;6;sem vítima;143,8;BR-116/RJ;Sul;Colisão traseira;2;4;;;;;1
10/01/2010;19:15:00;37;com vítima;103,7;BR-116/RJ;Sul;Choque em defensa;1;;1;;1;;2
15/01/2010;07:02:00;4;com vítima;137,09;BR-116/RJ;Sul;Colisão traseira;1;8;;16;;;2
15/01/2010;11:31:00;21;sem vítima;138,2;BR-116/RJ;Sul;Colisão traseira;1;18;;;;;1
15/01/2010;05:58:00;3;com vítima;139,5;BR-116/RJ;Norte;Colisão traseira;1;55;2;;;;1
15/01/2010;07:22:00;5;sem vítima;141,2;BR-116/RJ;Norte;Colisão traseira;1;2;;;;;1
19/01/2010;21:07:00;43;sem vítima;7,1;BR-116/RJ;Norte;Queda de carga;1;1;;;;;1
19/01/2010;15:53:00;29;com vítima;65,6;BR-116/RJ;Sul;Abalroamento transversal;1;;3;3;;;2
19/01/2010;11:02:00;18;sem vítima;143,9;BR-116/RJ;Sul;Colisão traseira;1;22;;;;;1
21/01/2010;08:55:00;12;com vítima;96;BR-116/RJ;Sul;Colisão traseira;1;2;1;;;;1
22/01/2010;20:50:00;34;com vítima;139,2;BR-116/RJ;Sul;Colisão traseira;1;16;3;;;;1
22/01/2010;19:56:00;33;com vítima;141,6;BR-116/RJ;Sul;Colisão traseira;2;1;;;3;;2
25/01/2010;06:09:00;7;com vítima;54,9;BR-116/RJ;Sul;Derrapagem;1;;;3;;;2
25/01/2010;17:49:00;48;com vítima;137,3;BR-116/RJ;Sul;Colisão traseira;1;1;;1;;;2
25/01/2010;19:26:00;54;com vítima;141,1;BR-116/RJ;Sul;Choque em barreira New Jersey ;1;1;1;;;;1
26/01/2010;21:25:00;21;com vítima;122,2;BR-116/RJ;Sul;Atropel. de pedestre atravessando;1;;2;;;;1
28/01/2010;04:11:00;3;com vítima;95,1;BR-116/RJ;Norte;Capotamento;1;;2;;;;1
29/01/2010;23:36:00;69;com vítima;43,6;BR-116/RJ;Norte;Choque em objeto fixo;1;;;;;1;3
29/01/2010;04:02:00;2;com vítima;126,8;BR-116/RJ;Norte;Derrapagem;1;;1;;;;1
31/01/2010;16:57:00;32;sem vítima;90;BR-116/RJ;Sul;Colisão traseira;1;0;;;;;1
02/02/2010;15:57:00;37;com vítima;122,5;BR-116/RJ;Sul;Choque em defensa;1;;3;;;;1
04/02/2010;13:46:00;29;sem vítima;133,4;BR-116/RJ;Sul;Colisão traseira;1;2;;;;;1
04/02/2010;17:22:00;46;com vítima;72,3;BR-116/RJ;Norte;Derrapagem;1;4;2;;;;1
04/02/2010;19:34:00;52;sem vítima;33,2;BR-116/RJ;Norte;Derrapagem;1;1;;;;;1
05/02/2010;07:49:00;6;com vítima;109,5;BR-116/RJ;Sul;Colisão traseira;2;2;1;;;;1
08/02/2010;08:35:00;12;com vítima;142,6;BR-116/RJ;Sul;Colisão traseira;1;2;;1;;;2
08/02/2010;15:21:00;30;com vítima;14;BR-116/RJ;Sul;Abalroamento longitudinal;1;;3;;;;1
08/02/2010;16:24:00;34;com vítima;124,2;BR-116/RJ;Sul;Abalroamento longitudinal;1;;2;1;;;2
10/02/2010;18:13:00;38;sem vítima;122;BR-116/RJ;Norte;Abalroamento longitudinal;1;2;;;;;1
11/02/2010;11:58:00;25;sem vítima;134,4;BR-116/RJ;Sul;Abalroamento longitudinal;1;3;;;;;1
12/02/2010;11:02:00;20;sem vítima;124,6;BR-116/RJ;Norte;Abalroamento longitudinal;1;2;;;;;1
13/02/2010;09:05:00;23;com vítima;133,8;BR-116/RJ;Norte;Colisão traseira;1;2;;5;;;2
15/02/2010;10:40:00;17;sem vítima;133,5;BR-116/RJ;Norte;Abalroamento longitudinal;1;6;;;;;1
18/02/2010;05:43:00;4;com vítima;139,6;BR-116/RJ;Sul;Colisão traseira;2;3;2;2;;;2
18/02/2010;10:25:00;15;sem vítima;139,3;BR-116/RJ;Sul;Colisão frontal;2;2;;;;;1
18/02/2010;12:00:00;28;com vítima;141,5;BR-116/RJ;Sul;Choque em defensa;2;2;1;;;;1
18/02/2010;23:56:00;42;com vítima;141,2;BR-116/RJ;Sul;Choque em defensa;1;;;2;;;2
19/02/2010;16:10:00;19;com vítima;90;BR-116/RJ;Norte;Colisão traseira;1;1;;1;;;2
21/02/2010;07:06:00;3;sem vítima;106,3;BR-116/RJ;Sul;Queda de carga;1;1;;;;;1
23/02/2010;19:38:00;40;com vítima;61,05;BR-116/RJ;Sul;Derrapagem;1;;1;;;;1
23/02/2010;08:39:00;5;sem vítima;133,5;BR-116/RJ;Norte;Abalroamento longitudinal;1;2;;;;;1
23/02/2010;06:25:00;3;sem vítima;143,2;BR-116/RJ;Sul;Abalroamento longitudinal;1;2;;;;;1
24/02/2010;17:44:00;35;com vítima;138,95;BR-116/RJ;Sul;Derrapagem;1;1;1;1;;;2
24/02/2010;18:37:00;39;sem vítima;143,3;BR-116/RJ;Sul;Colisão traseira;1;2;;;;;1
25/02/2010;02:48:00;3;com vítima;32,3;BR-116/RJ;Sul;Colisão frontal;1; ;1;1;;1;3
25/02/2010;23:38:00;48;com vítima;136,6;BR-116/RJ;Sul;Derrapagem;1;;1;;;;1
26/02/2010;01:11:00;2;sem vítima;141,2;BR-116/RJ;Sul;Derrapagem;1;3;;;;;1
26/02/2010;07:10:00;6;sem vítima;69,02;BR-116/RJ;Norte;Derrapagem;1;1;;;;;1
26/02/2010;16:51:00;46;sem vítima;5,5;BR-116/RJ;Norte;Derrapagem;1;1;;;;;1
26/02/2010;19:47:00;55;sem vítima;141,3;BR-116/RJ;Sul;Colisão traseira;1;2;;;;;1
27/02/2010;12:15:00;31;com vítima;1,7;BR-116/RJ;Norte;Derrapagem;1;;2;;;;1
27/02/2010;19:12:00;51;com vítima;49,6;BR-116/RJ;Sul;Colisão frontal;1;1;;;;1;3
01/03/2010;06:33:00;9;com vítima;97,1;BR-116/RJ;Norte;Colisão frontal;1;;;4;;;2
01/03/2010;11:54:00;21;com vítima;103,7;BR-116/RJ;Norte;Abalroamento longitudinal;1;1;1;;;;1
01/03/2010;15:09:00;25;sem vítima;141,2;BR-116/RJ;Sul;Choque em barreira New Jersey ;1;1;;;;;1
01/03/2010;16:50:00;30;sem vítima;141,25;BR-116/RJ;Sul;Colisão traseira;2;3;;;;;1
01/03/2010;17:53:00;31;com vítima;53,2;BR-116/RJ;Norte;Colisão frontal;1;1;;;;1;3
01/03/2010;21:54:00;42;com vítima;138,95;BR-116/RJ;Sul;Choque em defensa;1;;1;;;;1
01/03/2010;22:37:00;44;com vítima;138,7;BR-116/RJ;Sul;Choque em defensa;1;;1;;;;1
02/03/2010;17:40:00;31;com vítima;27,4;BR-116/RJ;Sul;Derrapagem;1;;1;;;;1
03/03/2010;06:30:00;2;sem vítima;114,5;BR-116/RJ;Sul;Colisão traseira;1;3;;;;;1
04/03/2010;16:30:00;25;com vítima;141,7;BR-116/RJ;Sul;Colisão traseira;2;32;1;;;;1
04/03/2010;21:02:00;37;com vítima;139,5;BR-116/RJ;Sul;Derrapagem;3;3;1;1;;;2
06/03/2010;17:26:00;24;com vítima;101,9;BR-116/RJ;Sul;Colisão traseira;1;;5;;;;1
06/03/2010;17:50:00;25;sem vítima;133,5;BR-116/RJ;Norte;Colisão traseira;2;2;;;;;1
08/03/2010;12:24:00;29;com vítima;40,3;BR-116/RJ;Norte;Abalroamento longitudinal;1;1;;1;;;2
08/03/2010;23:20:00;67;sem vítima;113,8;BR-116/RJ;Sul;Atropelamento de animal;1;1;;;;;1
09/03/2010;20:22:00;46;com vítima;144;BR-116/RJ;Sul;Abalroamento longitudinal;1;18;1;4;;;2
10/03/2010;10:05:00;8;com vítima;90,7;BR-116/RJ;Norte;Colisão traseira;1;1;3;;;;1
10/03/2010;14:40:00;20;sem vítima;142,8;BR-116/RJ;Norte;Abalroamento longitudinal;1;2;;;;;1
11/03/2010;06:10:00;2;sem vítima;141,1;BR-116/RJ;Sul;Colisão traseira;1;2;;;;;1
11/03/2010;13:35:00;18;com vítima;132,05;BR-116/RJ;Norte;Colisão traseira;2;2;;1;;;2
12/03/2010;08:20:00;11;sem vítima;130,5;BR-116/RJ;Norte;Choque em veículo parado na pista;1;1;;;;;1
12/03/2010;16:35:00;34;com vítima;76,5;BR-116/RJ;Norte;Abalroamento longitudinal;1;;2;;;;1
12/03/2010;17:45:00;40;sem vítima;141,2;BR-116/RJ;Sul;Choque em objeto fixo;1;1;;;;;1
15/03/2010;17:36:00;40;com vítima;64,9;BR-116/RJ;Norte;Choque em defensa;1;;3;;;;1
16/03/2010;15:14:00;26;com vítima;137,38;BR-116/RJ;Sul;Abalroamento longitudinal;1;2;1;;;;1
16/03/2010;15:23:00;27;com vítima;137,03;BR-116/RJ;Sul;Colisão traseira;3;2;1;;;;1
16/03/2010;19:19:00;35;sem vítima;132,8;BR-116/RJ;Sul;Colisão traseira;1;2;;;;;1
17/03/2010;06:35:00;4;sem vítima;110,5;BR-116/RJ;Norte;Choque em veículo parado na pista;1;2;;;;;1
17/03/2010;13:10:00;9;com vítima;95,1;BR-116/RJ;Sul;Abalroamento longitudinal;1;;3;;;;1
17/03/2010;15:03:00;13;com vítima;121,95;BR-116/RJ;Sul;Choque em defensa;1;1;1;;;;1
17/03/2010;18:51:00;22;com vítima;141,25;BR-116/RJ;Sul;Derrapagem;1;1;1;;;;1
19/03/2010;18:07:00;37;com vítima;91,2;BR-116/RJ;Sul;Colisão traseira;1;5;3;;;;1
22/03/2010;12:36:00;21;sem vítima;6,2;BR-116/RJ;Sul;Capotamento;1;1;;;;;1
24/03/2010;13:31:00;20;sem vítima;144;BR-116/RJ;Norte;Abalroamento longitudinal;1;2;;;;;1
25/03/2010;12:10:00;13;sem vítima;125;BR-116/RJ;Norte;Queda de carga;1;1;;;;;1
26/03/2010;13:03:00;31;sem vítima;132,4;BR-116/RJ;Sul;Derrapagem;1;1;;;;;1
29/03/2010;14:44:00;35;com vítima;143,8;BR-116/RJ;Sul;Abalroamento longitudinal;1;1;1;;;;1
29/03/2010;16:15:00;143,5;sem vítima;143,5;BR-116/RJ;Sul;Abalroamento longitudinal;1;2;;;;;1
29/03/2010;16:59:00;98,1;sem vítima;98,1;BR-116/RJ;Norte;Colisão traseira;1;2;;;;;1
31/03/2010;02:45:00;1;com vítima;105,2;BR-116/RJ;Sul;Capotamento;1;;2;;;;1
31/03/2010;14:10:00;28;com vítima;141;BR-116/RJ;Sul;Colisão traseira;2;3;2;;;;1
31/03/2010;15:19:00;38;sem vítima;141,1;BR-116/RJ;Sul;Choque em objeto fixo;1;1;;;;;1
01/04/2010;13:19:00;19;sem vítima;133,5;BR-116/RJ;Norte;Abalroamento longitudinal;1;2;;;;;1
01/04/2010;15:41:00;27;sem vítima;134,05;BR-116/RJ;Norte;Colisão traseira;1;3;;;;;1
01/04/2010;16:59:00;30;sem vítima;134,05;BR-116/RJ;Norte;Colisão traseira;2;2;;;;;1
01/04/2010;16:21:00;45;com vítima;104,8;BR-116/RJ;Norte;Colisão traseira;1;2;;1;;;2
04/04/2010;16:15:00;46;sem vítima;137;BR-116/RJ;Sul;Colisão traseira;3;4;;;;;1
05/04/2010;15:45:00;27;com vítima;40,1;BR-116/RJ;Norte;Abalroamento longitudinal;1;;2;;;;1
06/04/2010;00:52:00;3;com vítima;141,1;BR-116/RJ;Sul;Derrapagem;1;;2;;;;1
11/04/2010;05:04:00;2;com vítima;51,7;BR-116/RJ;Norte;Colisão traseira;1;1;1;;;;1
12/04/2010;00:18:00;2;com vítima;53,3;BR-116/RJ;Norte;Derrapagem;1;;;1;;;2
12/04/2010;17:18:00;36;com vítima;19,15;BR-116/RJ;Sul;Queda de carga;1;;1;;;;1
13/04/2010;05:46:00;5;com vítima;5,4;BR-116/RJ;Sul;Colisão frontal;1;1;;2;1;;2
19/04/2010;19:50:00;46;sem vítima;125,3;BR-116/RJ;Norte;Queda de carga;1;1;;;;;1
20/04/2010;06:05:00;15;sem vítima;143,6;BR-116/RJ;Sul;Colisão traseira;1;2;;;;;1
21/04/2010;06:19:00;6;com vítima;126,7;BR-116/RJ;Norte;Colisão traseira;1;2;2;;;;1
21/04/2010;08:15:00;11;com vítima;12,8;BR-116/RJ;Norte;Capotamento;1;;1;;;;1
22/04/2010;12:13:00;27;sem vítima;129;BR-116/RJ;Norte;Colisão traseira;1;2;;;;;1
22/04/2010;14:10:00;38;sem vítima;127,2;BR-116/RJ;Sul;Abalroamento longitudinal;2;2;;;;;1
22/04/2010;16:39:00;47;sem vítima;129;BR-116/RJ;Norte;Abalroamento longitudinal;2;2;;;;;1
23/04/2010;13:12:00;27;com vítima;101;BR-116/RJ;Norte;Colisão traseira;1;1;1;2;;;2
24/04/2010;17:52:00;41;com vítima;103,8;BR-116/RJ;Sul;Colisão traseira;1;4;1;;;;1
26/04/2010;16:10:00;38;com vítima;24,1;BR-116/RJ;Norte;Capotamento;1;;;1;;;2
27/04/2010;04:33:00;5;com vítima;132,65;BR-116/RJ;Sul;Derrapagem;1;;3;;;;1
27/04/2010;19:18:00;37;sem vítima;136,7;BR-116/RJ;Sul;Derrapagem;1;2;;;;;1
27/04/2010;20:40:00;40;com vítima;4,7;BR-116/RJ;Norte;Capotamento;1;;1;;;;1
28/04/2010;18:04:00;33;sem vítima;109;BR-116/RJ;Sul;Abalroamento longitudinal;1;3;;;;;1
29/04/2010;05:00:00;2;sem vítima;96;BR-116/RJ;Sul;Colisão traseira;2;2;;;;;1
29/04/2010;06:10:00;5;sem vítima;143,9;BR-116/RJ;Norte;Abalroamento longitudinal;1;2;;;;;1
30/04/2010;19:03:00;44;com vítima;53,3;BR-116/RJ;Norte;Colisão frontal;1;;1;;1;1;3
30/04/2010;19:38:00;45;com vítima;89,6;BR-116/RJ;Sul;Colisão traseira;1;1;2;;;;1
01/05/2010;13:44:00;21;sem vítima;140,8;BR-116/RJ;Norte;Colisão traseira;1;2;;;;;1
05/05/2010;12:13:00;24;sem vítima;70,9;BR-116/RJ;Norte;Choque em objeto fixo;1;1;;;;;1
05/05/2010;18:25:00;46;com vítima;142;BR-116/RJ;Sul;Abalroamento longitudinal;1;1;;;;1;3
05/05/2010;22:31:00;55;com vítima;129,8;BR-116/RJ;Norte;Capotamento;1;;2;;;;1
06/05/2010;15:10:00;34;com vítima;96,7;BR-116/RJ;Sul;Colisão traseira;1;1;2;;;;1
09/05/2010;01:38:00;2;com vítima;139,3;BR-116/RJ;Sul;Capotamento;1;;2;;;;1
10/05/2010;12:22:00;20;sem vítima;143,8;BR-116/RJ;Sul;Colisão traseira;2;2;;;;;1
11/05/2010;09:15:00;8;com vítima;13,05;BR-116/RJ;Norte;Choque em barreira New Jersey ;1;;1;;;;1
11/05/2010;19:02:00;47;com vítima;0;BR-116/RJ;Norte;Capotamento;1;;;1;;;2
12/05/2010;15:23:00;22;com vítima;1,7;BR-116/RJ;Sul;Capotamento;1;;;1;;;2
12/05/2010;15:52:00;23;sem vítima;143;BR-116/RJ;Sul;Abalroamento longitudinal;1;2;;;;;1
12/05/2010;16:57:00;27;sem vítima;139,6;BR-116/RJ;Sul;Derrapagem;2;2;;;;;1
12/05/2010;17:18:00;29;sem vítima;142;BR-116/RJ;Sul;Abalroamento longitudinal;1;2;;;;;1
14/05/2010;14:05:00;17;sem vítima;125,5;BR-116/RJ;Norte;Queda de carga;1;1;;;;;1
16/05/2010;14:00:00;17;sem vítima;143,7;BR-116/RJ;Sul;Abalroamento longitudinal;1;3;;;;;1
17/05/2010;07:25:00;6;com vítima;143,9;BR-116/RJ;Sul;Colisão traseira;2;67;3;;;;1
18/05/2010;09:40:00;11;sem vítima;114;BR-116/RJ;Norte;Choque em barreira New Jersey ;1;1;;;;;1
18/05/2010;16:46:00;81,02;sem vítima;81,02;BR-116/RJ;Norte;Capotamento;1;2;;;;;1
18/05/2010;18:51:00;104,1;sem vítima;104,1;BR-116/RJ;Norte;Abalroamento longitudinal;1;2;;;;;1
22/05/2010;03:00:00;2;sem vítima;107;BR-116/RJ;Norte;Atropelamento de animal;1;2;;;;;1
24/05/2010;09:22:00;7;com vítima;143,8;BR-116/RJ;Sul;Colisão traseira;1;3;1;;;;1
25/05/2010;18:34:00;34;com vítima;101,1;BR-116/RJ;Sul;Derrapagem;1;;3;;;;1
25/05/2010;20:45:00;39;sem vítima;144;BR-116/RJ;Sul;Abalroamento longitudinal;1;2;;;;;1
26/05/2010;07:19:00;10;com vítima;102,5;BR-116/RJ;Sul;Abalroamento longitudinal;2;4;2;;;;1
28/05/2010;10:00:00;11;sem vítima;75,5;BR-116/RJ;Norte;Abalroamento transversal;1;3;;;;;1
01/06/2010;13:52:00;20;com vítima;131;BR-116/RJ;Sul;Abalroamento transversal;1;1;;1;;;2
02/06/2010;07:24:00;8;com vítima;123,2;BR-116/RJ;Norte;Colisão Traseira;1;1;;1;;;2
02/06/2010;21:35:00;53;sem vítima;97,6;BR-116/RJ;Sul;Derrapagem;1;1;;;;;1
03/06/2010;16:15:00;38;com vítima;143,25;BR-116/RJ;Norte;Colisão traseira;1;1;2;;;;1
04/06/2010;08:52:00;11;sem vítima;140,3;BR-116/RJ;Sul;Colisão traseira;1;19;;;;;1
04/06/2010;15:53:00;28;sem vítima;104,4;BR-116/RJ;Norte;Abalroamento longitudinal;1;2;;;;;1
05/06/2010;21:10:00;68;com vítima;93,3;BR-116/RJ;Sul;Abalroamento longitudinal;1;1;;2;2;;2
06/06/2010;16:28:00;37;sem vítima;83,5;BR-116/RJ;Sul;Colisão traseira;1;4;;;;;1
07/06/2010;13:44:00;20;com vítima;67,7;BR-116/RJ;Sul;Abalroamento transversal;1;;2;1;;;2
07/06/2010;16:08:00;25;com vítima;104,2;BR-116/RJ;Norte;Colisão traseira;1;2;2;;;;1
08/06/2010;12:12:00;23;com vítima;115;BR-116/RJ;Norte;Derrapagem;1;1;1;1;;;2
08/06/2010;12:31:00;24;sem vítima;123,7;BR-116/RJ;Sul;Choque em defensa;1;1;;;;;1
11/06/2010;07:50:00;9;com vítima;142,6;BR-116/RJ;Norte;Abalroamento longitudinal;1;1;;1;;;2
12/06/2010;09:05:00;13;sem vítima;134,5;BR-116/RJ;Sul;Choque em veículo parado na pista;1;4;;;;;1
15/06/2010;07:42:00;7;sem vítima;104,5;BR-116/RJ;Sul;Colisão traseira;1;2;;;;;1
15/06/2010;17:36:00;29;sem vítima;103,75;BR-116/RJ;Sul;Colisão traseira;1;4;;;;;1
16/06/2010;22:28:00;47;sem vítima;83,3;BR-116/RJ;Sul;Colisão traseira;1;12;;;;;1
19/06/2010;00:01:00;1;sem vítima;105,3;BR-116/RJ;Sul;Colisão traseira;1;4;;;;;1
19/06/2010;11:46:00;19;sem vítima;138,6;BR-116/RJ;Sul;Choque em objeto fixo;1;2;;;;;1
21/06/2010;18:59:00;33;com vítima;122,2;BR-116/RJ;Sul;Abalroamento longitudinal;1;;2;;;;1
22/06/2010;19:10:00;42;sem vítima;137;BR-116/RJ;Norte;Colisão traseira;1;2;;;;;1
26/06/2010;01:50:00;3;com vítima;86,4;BR-116/RJ;Sul;Choque em barreira New Jersey ;1;;2;;;;1
27/06/2010;20:30:00;38;sem vítima;122,3;BR-116/RJ;Norte;Colisão traseira;1;2;;;;;1
30/06/2010;10:40:00;12;sem vítima;131;BR-116/RJ;Sul;Colisão traseira;2;2;;;;;1
30/06/2010;14:41:00;27;sem vítima;94,1;BR-116/RJ;Norte;Abalroamento longitudinal;2;2;;;;;1
01/07/2010;08:17:00;16;sem vítima;102,5;BR-116/RJ;Sul;Colisão traseira;1;2;;;;;1
01/07/2010;08:52:00;19;sem vítima;104,3;BR-116/RJ;Norte;Abalroamento longitudinal;1;2;;;;;1
01/07/2010;13:09:00;31;sem vítima;140,98;BR-116/RJ;Norte;Abalroamento longitudinal;1;2;;;;;1
01/07/2010;18:35:00;43;com vítima;101,95;BR-116/RJ;Sul;Abalroamento longitudinal;1;3;;1;;;2
09/07/2010;09:58:00;9;sem vítima;109;BR-116/RJ;Sul;Atropelamento de animal;1;1;;;;;1
09/07/2010;17:30:00;33;com vítima;80,8;BR-116/RJ;Sul;Capotamento;1;;;4;;;2
10/07/2010;08:15:00;14;sem vítima;122;BR-116/RJ;Sul;Queda de carga;1;1;;;;;1
11/07/2010;14:49:00;12;sem vítima;138,1;BR-116/RJ;Norte;Choque em defensa;1;3;;;;;1
12/07/2010;15:25:00;19;sem vítima;125,3;BR-116/RJ;Norte;Queda de carga;1;1;;;;;1
13/07/2010;10:05:00;11;com vítima;107;BR-116/RJ;Norte;Abalroamento transversal;1;1;;1;;;2
13/07/2010;10:28:00;12;com vítima;94,1;BR-116/RJ;Norte;Colisão traseira;1;;1;2;;;2
14/07/2010;06:52:00;5;sem vítima;137,9;BR-116/RJ;Sul;Abalroamento longitudinal;2;6;;;;;1
15/07/2010;16:10:00;17;com vítima;63,1;BR-116/RJ;Sul;Capotamento;1;;;3;;;2
17/07/2010;15:35:00;27;com vítima;91,9;BR-116/RJ;Sul;Abalroamento longitudinal;1;1;2;;;;1
18/07/2010;13:20:00;21;sem vítima;125,5;BR-116/RJ;Norte;Abalroamento longitudinal;1;6;;;;;1
18/07/2010;18:13:00;30;com vítima;75,8;BR-116/RJ;Norte;Colisão frontal;1;;2;1;;;2
19/07/2010;06:25:00;8;sem vítima;99;BR-116/RJ;Sul;Abalroamento longitudinal;1;2;;;;;1
19/07/2010;21:50:00;52;sem vítima;92,5;BR-116/RJ;Norte;;1;2;;;;;1
21/07/2010;14:40:00;21;com vítima;112,9;BR-116/RJ;Sul;Derrapagem;1;;1;;;;1
21/07/2010;20:02:00;32;com vítima;95,3;BR-116/RJ;Norte;;1;;5;;;;1
21/07/2010;20:22:00;34;sem vítima;135,9;BR-116/RJ;Sul;Abalroamento longitudinal;1;4;;;;;1
22/07/2010;15:12:00;37;com vítima;143;BR-116/RJ;Norte;Abalroamento longitudinal;1;3;1;;;;1
22/07/2010;15:39:00;38;sem vítima;125,5;BR-116/RJ;Norte;Abalroamento longitudinal;1;2;;;;;1
23/07/2010;23:09:00;45;com vítima;85,7;BR-116/RJ;Norte;Choque em barreira New Jersey ;1;;;2;;;2
23/07/2010;23:20:00;46;sem vítima;13,2;BR-116/RJ;Norte;Queda de carga;1;1;;;;;1
25/07/2010;09:22:00;12;com vítima;106,2;BR-116/RJ;Sul;Abalroamento longitudinal;1;1;2;;;;1
25/07/2010;17:28:00;31;sem vítima;133,5;BR-116/RJ;Sul;Colisão traseira;1;2;;;;;1
28/07/2010;08:39:00;5;sem vítima;123;BR-116/RJ;Norte;Colisão traseira;1;3;;;;;1
28/07/2010;12:39:00;15;sem vítima;138,7;BR-116/RJ;Norte;Abalroamento longitudinal;2;2;;;;;1
30/07/2010;00:52:00;2;sem vítima;105,8;BR-116/RJ;Sul;Colisão traseira;4;4;;;;;1
30/07/2010;21:01:00;52;sem vítima;101,9;BR-116/RJ;Norte;Colisão traseira;2;3;;;;;1
31/07/2010;18:31:00;61;com vítima;141;BR-116/RJ;Norte;Abalroamento longitudinal;1;1;;;4;;2
31/07/2010;18:50:00;63;sem vítima;49,2;BR-116/RJ;Sul;Abalroamento longitudinal;1;2;;;;;1
02/08/2010;18:27:00;18;sem vítima;103,7;BR-116/RJ;Norte;Abalroamento longitudinal;1;2;;;;;1
05/08/2010;12:23:00;25;sem vítima;77,8;BR-116/RJ;Norte;Colisão traseira;1;2;;;;;1
05/08/2010;16:18:00;35;sem vítima;94,9;BR-116/RJ;Sul;Abalroamento longitudinal;2;4;;;;;1
06/08/2010;14:29:00;28;com vítima;53;BR-116/RJ;Norte;Colisão frontal;2;;1;;1;1;3
07/08/2010;04:20:00;5;sem vítima;125,5;BR-116/RJ;Sul;Capotamento;1;1;;;;;1
10/08/2010;13:46:00;10;sem vítima;61,2;BR-116/RJ;Sul;Queda de carga;1;1;;;;;1
10/08/2010;16:00:00;20;sem vítima;133,5;BR-116/RJ;Sul;Abalroamento longitudinal;1;2;;;;;1
10/08/2010;18:15:00;23;com vítima;101,8;BR-116/RJ;Norte;Colisão traseira;1;3;1;1;;;2
10/08/2010;20:15:00;33;sem vítima;56;BR-116/RJ;Norte;Abalroamento longitudinal;2;2;;;;;1
11/08/2010;06:21:00;4;com vítima;115;BR-116/RJ;Norte;Abalroamento longitudinal;2;1;2;;;;1
13/08/2010;13:20:00;34;sem vítima;96,7;BR-116/RJ;Norte;Colisão traseira;1;2;;;;;1
13/08/2010;18:28:00;57;com vítima;144;BR-116/RJ;Sul;Colisão traseira;1;1;;1;;;2
15/08/2010;11:20:00;11;sem vítima;121,3;BR-116/RJ;Sul;Derrapagem;1;1;;;;;1
17/08/2010;11:01:00;11;com vítima;90,5;BR-116/RJ;Norte;Abalroamento longitudinal;1;3;4;;;;1
17/08/2010;18:00:00;32;sem vítima;127,15;BR-116/RJ;Sul;Colisão traseira;2;2;;;;;1
19/08/2010;16:23:00;23;sem vítima;96,1;BR-116/RJ;Norte;Abalroamento longitudinal;1;4;;;;;1
19/08/2010;16:34:00;24;com vítima;138,5;BR-116/RJ;Sul;Colisão traseira;2;2;2;;;;1
19/08/2010;19:30:00;33;com vítima;53,8;BR-116/RJ;Norte;Colisão traseira;1; ;4;1;;;2
20/08/2010;14:10:00;26;sem vítima;103,7;BR-116/RJ;Norte;Colisão traseira;2;2;;;;;1
24/08/2010;13:19:00;22;com vítima;67,1;BR-116/RJ;Norte;Abalroamento transversal;1;;4;;;;1
24/08/2010;18:12:00;36;com vítima;101,6;BR-116/RJ;Sul;Abalroamento longitudinal;1;;5;;;;1
25/08/2010;17:27:00;41;sem vítima;121,8;BR-116/RJ;Norte;Abalroamento longitudinal;1;2;;;;;1
26/08/2010;07:04:00;7;sem vítima;98;BR-116/RJ;Sul;Colisão traseira;2;3;;;;;1
26/08/2010;12:08:00;20;com vítima;60;BR-116/RJ;Sul;Abalroamento longitudinal;1;;1;;1;;2
27/08/2010;17:40:00;41;com vítima;123,05;BR-116/RJ;Norte;Colisão traseira;1;1;;2;;;2
28/08/2010;13:34:00;26;sem vítima;142,4;BR-116/RJ;Norte;Colisão traseira;1;18;;;;;1
30/08/2010;07:30:00;13;sem vítima;143,8;BR-116/RJ;Sul;Colisão traseira;1;2;;;;;1
30/08/2010;10:19:00;18;com vítima;76,3;BR-116/RJ;Sul;Abalroamento transversal;1;1;;3;;;2
30/08/2010;15:09:00;32;sem vítima;142,3;BR-116/RJ;Norte;Abalroamento longitudinal;2;2;;;;;1
31/08/2010;10:26:00;5;com vítima;136,5;BR-116/RJ;Norte;Colisão traseira;2;1;2;;;;1