data;horario;n_da_ocorrencia;tipo_de_ocorrencia;km;trecho;sentido;tipo_de_acidente;caminhao;ilesos;levemente_feridos;moderadamente_feridos;gravemente_feridos;mortos;3
06/04/2011;10:35:00;11;sem vítima;143,9;BR-116/RJ;Sul;Abalroamento longitudinal;1;2;;;;;1
06/04/2011;10:52:00;13;sem vítima;143;BR-116/RJ;Sul;Abalroamento longitudinal;1;2;;;;;1
06/04/2011;15:30:00;32;sem vítima;19;BR-116/RJ;Norte;Colisão traseira;2;2;;;;;1
07/04/2011;19:09:00;31;sem vítima;125,15;BR-116/RJ;Sul;Colisão traseira;1;2;;;;;1
08/04/2011;08:25:00;12;sem vítima;144;BR-116/RJ;Norte;Colisão traseira;1;2;;;;;1
08/04/2011;13:23:00;27;com vítima;100,4;BR-116/RJ;Sul;Colisão traseira;1;2;1;;;;1
12/04/2011;05:46:00;4;sem vítima;143,9;BR-116/RJ;Sul;Colisão traseira;1;2;;;;;1
12/04/2011;20:04:00;48;sem vítima;100,1;BR-116/RJ;Norte;Colisão traseira;3;5;;;;;1
12/04/2011;21:57:00;53;sem vítima;89;BR-116/RJ;Sul;Queda de carga;1;1;;;;;1
14/04/2011;09:13:00;19;sem vítima;143,9;BR-116/RJ;Sul;Abalroamento longitudinal;1;2;;;;;1
14/04/2011;13:23:00;32;sem vítima;89,5;BR-116/RJ;Sul;Abalroamento longitudinal;1;3;;;;;1
14/04/2011;15:45:00;40;sem vítima;134,75;BR-116/RJ;Norte;Abalroamento longitudinal;1;3;;;;;1
15/04/2011;15:04:00;33;sem vítima;102,9;BR-116/RJ;Norte;Colisão traseira;1;13;;;;;1
15/04/2011;15:10:00;34;sem vítima;141,5;BR-116/RJ;Norte;Colisão traseira;1;2;;;;;1
15/04/2011;20:05:00;54;sem vítima;101,5;BR-116/RJ;Norte;Abalroamento longitudinal;1;2;;;;;1
16/04/2011;05:30:00;14;sem vítima;143,8;BR-116/RJ;Norte;Queda de carga;1;1;;;;;1
17/04/2011;13:45:00;21;sem vítima;138,7;BR-116/RJ;Sul;Abalroamento longitudinal;1; ;;;;;1
19/04/2011;07:48:00;10;sem vítima;127,7;BR-116/RJ;Sul;Capotamento;1;1;;;;;1
19/04/2011;16:02:00;28;sem vítima;139,95;BR-116/RJ;Norte;Abalroamento longitudinal;3;56;;;;;1
20/04/2011;08:59:00;21;com vítima;140,2;BR-116/RJ;Sul;Abalroamento longitudinal;1;;1;1;;;2
20/04/2011;08:59:00;22;sem vítima;76,6;BR-116/RJ;Norte;Colisão traseira;1;2;;;;;1
21/04/2011;07:30:00;23;sem vítima;133,6;BR-116/RJ;Norte;Colisão traseira;1;3;;;;;1
21/04/2011;08:08:00;29;com vítima;133,5;BR-116/RJ;Norte;Colisão traseira;1;2;2;;;;1
22/04/2011;12:25:00;34;sem vítima;122;BR-116/RJ;Sul;Colisão traseira;2;3;;;;;1
24/04/2011;22:33:00;104;com vítima;86,8;BR-116/RJ;Sul;Capotamento;1;2;;1;2;;2
25/04/2011;05:44:00;9;sem vítima;143,4;BR-116/RJ;Sul;Colisão traseira;1;3;;;;;1
25/04/2011;13:15:00;27;sem vítima;102;BR-116/RJ;Norte;Abalroamento longitudinal;1;2;;;;;1
26/04/2011;14:24:00;23;com vítima;137,35;BR-116/RJ;Sul;Colisão traseira;1;1;;1;;;2
26/04/2011;16:14:00;31;com vítima;127,5;BR-116/RJ;Sul;Colisão traseira;1;1;;1;;;2
27/04/2011;09:50:00;10;sem vítima;133,4;BR-116/RJ;Sul;Colisão traseira;2;2;;;;;1
28/04/2011;14:01:00;18;com vítima;137,4;BR-116/RJ;Sul;Capotamento;1;1;1;;;;1
29/04/2011;13:30:00;27;sem vítima;143,5;BR-116/RJ;Sul;Colisão traseira;1;2;;;;;1
30/04/2011;10:08:00;9;com vítima;31;BR-116/RJ;Sul;Capotamento;1;;1;;;;1
02/05/2011;00:37:00;1;com vítima;105,4;BR-116/RJ;Sul;Derrapagem;1;;2;;;;1
03/05/2011;18:25:00;44;com vítima;143,2;BR-116/RJ;Sul;Abalroamento longitudinal;1;17;1;;;;1
04/05/2011;06:15:00;6;com vítima;125,8;BR-116/RJ;Sul;Choque em defensa;1;;1;;;;1
04/05/2011;10:31:00;23;com vítima;133,5;BR-116/RJ;Norte;Colisão traseira;2;1;3;;;;1
04/05/2011;22:34:00;54;com vítima;29,1;BR-116/RJ;Norte;Abalroamento longitudinal;2;;1;1;;;2
05/05/2011;05:06:00;4;sem vítima;139,8;BR-116/RJ;Sul;Colisão traseira;1;2;;;;;1
05/05/2011;16:38:00;37;sem vítima;143,8;BR-116/RJ;Sul;Abalroamento longitudinal;1;2;;;;;1
05/05/2011;19:18:00;46;sem vítima;122,3;BR-116/RJ;Sul;Abalroamento longitudinal;1;2;;;;;1
06/05/2011;09:55:00;18;sem vítima;133,5;BR-116/RJ;Sul;Queda de carga;1;1;;;;;1
06/05/2011;11:20:00;27;sem vítima;17,8;BR-116/RJ;Sul;Abalroamento longitudinal;2;2;;;;;1
07/05/2011;19:35:00;54;com vítima;137,2;BR-116/RJ;Norte;Abalroamento longitudinal;1;;4;;;;1
09/05/2011;13:10:00;25;sem vítima;99,3;BR-116/RJ;Sul;Colisão traseira;1;;;;;;1
10/05/2011;12:19:00;28;com vítima;90,5;BR-116/RJ;Sul;Abalroamento longitudinal;1;;1;1;;;2
12/05/2011;08:17:00;12;com vítima;62,7;BR-116/RJ;Sul;Abalroamento longitudinal;1;1;;3;;;2
12/05/2011;21:06:00;50;com vítima;29,2;BR-116/RJ;Norte;Derrapagem;1;;1;;;;1
13/05/2011;01:35:00;3;sem vítima;143,998;BR-116/RJ;Sul;Choque em objeto fixo;1;2;;;;;1
13/05/2011;18:42:00;38;sem vítima;98,7;BR-116/RJ;Sul;Abalroamento longitudinal;1;3;;;;;1
13/05/2011;19:44:00;101,5;sem vítima;101,5;BR-116/RJ;Norte;Abalroamento longitudinal;1;2;;;;;1
14/05/2011;09:21:00;15;com vítima;132,05;BR-116/RJ;Norte;Colisão traseira;1;13;1;;;;1
14/05/2011;12:39:00;28;sem vítima;143,05;BR-116/RJ;Sul;Colisão traseira;1;2;;;;;1
14/05/2011;21:34:00;48;com vítima;46,9;BR-116/RJ;Sul;Capotamento;1;;1;;;;1
15/05/2011;21:03:00;42;sem vítima;29,1;BR-116/RJ;Sul;Abalroamento longitudinal;2;2;;;;;1
17/05/2011;04:55:00;2;com vítima;131,8;BR-116/RJ;Sul;Colisão traseira;1;1;1;1;;;2
18/05/2011;05:39:00;6;sem vítima;142,83;BR-116/RJ;Sul;Colisão traseira;1;5;;;;;1
18/05/2011;07:25:00;12;sem vítima;114;BR-116/RJ;Norte;Derrapagem;1;1;;;;;1
18/05/2011;14:12:00;35;sem vítima;139,5;BR-116/RJ;Sul;Abalroamento longitudinal;1;3;;;;;1
20/05/2011;02:26:00;1;sem vítima;113,2;BR-116/RJ;Norte;Derrapagem;1;1;;;;;1
20/05/2011;07:50:00;9;sem vítima;99,4;BR-116/RJ;Norte;Abalroamento longitudinal;1;2;;;;;1
20/05/2011;12:50:00;25;com vítima;92,5;BR-116/RJ;Sul;Derrapagem;1;;2;;;;1
20/05/2011;22:04:00;64;com vítima;86,6;BR-116/RJ;Norte;Capotamento;1;;;1;;;2
23/05/2011;02:40:00;2;com vítima;124,2;BR-116/RJ;Sul;Colisão traseira;1;1;1;;;;1
23/05/2011;08:49:00;13;sem vítima;125,5;BR-116/RJ;Sul;Choque em barreira New Jersey ;1;1;;;;;1
23/05/2011;17:37:00;34;sem vítima;143,85;BR-116/RJ;Sul;Colisão traseira;1;2;;;;;1
24/05/2011;05:33:00;6;sem vítima;104,8;BR-116/RJ;Sul;Atropel. de pedestre atravessando;1;;;;;;1
26/05/2011;23:36:00;50;sem vítima;24,1;BR-116/RJ;Norte;Choque em objeto fixo;1;1;;;;;1
27/05/2011;07:20:00;9;sem vítima;143,8;BR-116/RJ;Sul;Abalroamento longitudinal;1;2;;;;;1
27/05/2011;08:55:00;12;sem vítima;137;BR-116/RJ;Sul;Abalroamento longitudinal;1;2;;;;;1
27/05/2011;09:55:00;16;sem vítima;143,85;BR-116/RJ;Sul;Abalroamento longitudinal;1;2;;;;;1
31/05/2011;05:46:00;2;com vítima;58,3;BR-116/RJ;Sul;Capotamento;1;;1;;;;1
31/05/2011;07:24:00;4;sem vítima;133,5;BR-116/RJ;Norte;Choque em objeto fixo;1;1;;;;;1
31/05/2011;13:20:00;15;sem vítima;100,2;BR-116/RJ;Sul;Abalroamento longitudinal;1;38;;;;;1
02/06/2011;13:50:00;27;com vítima;131,95;BR-116/RJ;Norte;Derrapagem;1;;;1;;;2
02/06/2011;15:24:00;32;sem vítima;132,02;BR-116/RJ;Norte;Colisão traseira;1;13;;;;;1
03/06/2011;15:40:00;22;com vítima;28,7;BR-116/RJ;Norte;Capotamento;1;;;;1;1;3
03/06/2011;03:14:00;2;com vítima;120,6;BR-116/RJ;Norte;Derrapagem;1;;1;;;;1
03/06/2011;09:05:00;10;sem vítima;129,4;BR-116/RJ;Norte;Abalroamento longitudinal;1;45;;;;;1
07/06/2011;19:58:00;41;com vítima;54,05;BR-116/RJ;Norte;Abalroamento longitudinal;1;1;2;;;;1
07/06/2011;19:45:00;40;sem vítima;96,9;BR-116/RJ;Sul;Choque em objeto na pista;1;2;;;;;1
08/06/2011;00:50:00;1;com vítima;29,5;BR-116/RJ;Sul;Derrapagem;2;;2;;;;1
08/06/2011;20:25:00;32;sem vítima;82;BR-116/RJ;Sul;Abalroamento longitudinal;1;2;;;;;1
10/06/2011;11:33:00;25;com vítima;23,7;BR-116/RJ;Norte;Colisão frontal;1;1;;2;1;;2
10/06/2011;13:37:00;37;sem vítima;102,5;BR-116/RJ;Norte;Abalroamento longitudinal;1;2;;;;;1
10/06/2011;18:14:00;53;sem vítima;122,35;BR-116/RJ;Norte;Colisão traseira;1;3;;;;;1
11/06/2011;14:38:00;38;sem vítima;106,1;BR-116/RJ;Sul;Abalroamento longitudinal;1;2;;;;;1
14/06/2011;13:20:00;18;com vítima;122,6;BR-116/RJ;Sul;Capotamento;1;;1;;;;1
16/06/2011;11:05:00;23;sem vítima;101,7;BR-116/RJ;Norte;Colisão traseira;1;3;;;;;1
16/06/2011;14:45:00;31;sem vítima;127,5;BR-116/RJ;Norte;Colisão traseira;1;2;;;;;1
16/06/2011;09:02:00;19;com vítima;143,5;BR-116/RJ;Norte;Abalroamento longitudinal;1;1;1;;;;1
17/06/2011;08:00:00;12;sem vítima;133,5;BR-116/RJ;Norte;Abalroamento transversal;1;2;;;;;1
18/06/2011;15:33:00;32;sem vítima;122,6;BR-116/RJ;Sul;Abalroamento longitudinal;1;3;;;;;1
18/06/2011;16:43:00;36;sem vítima;143,7;BR-116/RJ;Sul;Abalroamento longitudinal;1;2;;;;;1
21/06/2011;15:10:00;23;com vítima;66,9;BR-116/RJ;Sul;Colisão traseira;1;;3;4;1;;2
22/06/2011;18:19:00;52;sem vítima;122,4;BR-116/RJ;Sul;Abalroamento longitudinal;1;2;;;;;1
23/06/2011;18:00:00;40;sem vítima;89;BR-116/RJ;Norte;Choque em veículo parado na pista;1;3;;;;;1
24/06/2011;10:37:00;15;com vítima;143;BR-116/RJ;Sul;Colisão frontal;1;1;;2;;;2
25/06/2011;09:17:00;9;com vítima;7,3;BR-116/RJ;Sul;Capotamento;2;;2;1;;;2
29/06/2011;10:35:00;19;com vítima;13,2;BR-116/RJ;Norte;colisão Frontal;1;;2;;1;;2
30/06/2011;07:20:00;11;sem vítima;138;BR-116/RJ;Sul;Abalroamento longitudinal;1;2;;;;;1
01/07/2011;00:40:00;3;sem vítima;81,1;BR-116/RJ;Sul;Queda de carga;1;1;;;;;1
04/07/2011;16:42:00;31;sem vítima;5,6;BR-116/RJ;Sul;Queda de carga;1;1;;;;;1
04/07/2011;20:42:00;39;com vítima;95,1;BR-116/RJ;Norte;Colisão frontal;1;1;1;;;;1
04/07/2011;08:40:00;11;sem vítima;114,45;BR-116/RJ;Sul;Choque em objeto fixo;1;1;;;;;1
04/07/2011;14:20:00;26;com vítima;142,8;BR-116/RJ;Sul;Colisão traseira;1;1;;2;;;2
05/07/2011;01:23:00;1;com vítima;69,2;BR-116/RJ;Sul;Abalroamento longitudinal;1;;1;1;;;2
05/07/2011;09:39:00;17;com vítima;143,95;BR-116/RJ;Sul;Colisão traseira;1;;;2;;;2
06/07/2011;16:41:00;33;com vítima;95,03;BR-116/RJ;Norte;Abalroamento longitudinal;1;1;;3;1;;2
06/07/2011;14:38:00;23;sem vítima;103,6;BR-116/RJ;Norte;Abalroamento longitudinal;1;2;;;;;1
07/07/2011;12:23:00;21;sem vítima;80,6;BR-116/RJ;Norte;Colisão traseira;2;6;;;;;1
07/07/2011;17:30:00;38;sem vítima;89;BR-116/RJ;Norte;Colisão traseira;1;2;;;;;1
07/07/2011;15:33:00;33;sem vítima;133,5;BR-116/RJ;Norte;Choque em defensa;1;1;;;;;1
08/07/2011;17:17:00;38;com vítima;35,1;BR-116/RJ;Norte;Abalroamento longitudinal;1;;1;;;1;3
10/07/2011;18:36:00;41;sem vítima;122,5;BR-116/RJ;Norte;Abalroamento longitudinal;1;6;;;;;1
12/07/2011;06:25:00;5;sem vítima;143,75;BR-116/RJ;Sul;Abalroamento longitudinal;1;2;;;;;1
14/07/2011;12:44:00;25;com vítima;43,4;BR-116/RJ;Norte;Abalroamento longitudinal;1;1;2;;;;1
14/07/2011;06:48:00;8;com vítima;73,7;BR-116/RJ;Sul;Abalroamento longitudinal;1;1;;2;;;2
14/07/2011;14:06:00;29;sem vítima;133,5;BR-116/RJ;Norte;Abalroamento longitudinal;1;2;;;;;1
15/07/2011;10:44:00;23;com vítima;77,2;BR-116/RJ;Norte;Colisão traseira;1;;2;;;;1
15/07/2011;12:10:00;29;com vítima;143,85;BR-116/RJ;Sul;Colisão traseira;1;2;1;;;;1
16/07/2011;15:53:00;37;sem vítima;122;BR-116/RJ;Sul;Choque em objeto fixo;1;2;;;;;1
18/07/2011;22:05:00;60;com vítima;73,6;BR-116/RJ;Sul;Queda de carga;1;;;2;2;;2
18/07/2011;17:07:00;46;sem vítima;133,5;BR-116/RJ;Norte;Colisão traseira;1;2;;;;;1
20/07/2011;15:08:00;30;sem vítima;103,1;BR-116/RJ;Norte;Colisão traseira;1;2;;;;;1
22/07/2011;08:29:00;10;com vítima;131;BR-116/RJ;Norte;Colisão traseira;1;2;1;;;;1
23/07/2011;13:28:00;20;com vítima;32,3;BR-116/RJ;Sul;Abalroamento transversal;1;;1;1;;;2
23/07/2011;10:34:00;12;com vítima;143,5;BR-116/RJ;Norte;Choque em veículo parado na pista;2;;;3;1;;2
25/07/2011;07:27:00;7;com vítima;19,05;BR-116/RJ;Norte;Derrapagem;1;;1;;;;1
25/07/2011;11:45:00;20;sem vítima;107,5;BR-116/RJ;Sul;Queda de carga;1;1;;;;;1
31/07/2011;12:07:00;25;com vítima;132,2;BR-116/RJ;Sul;Derrapagem;1;1;2;;;;1
01/08/2011;11:38:00;25;com vítima;99;BR-116/RJ;Sul;Colisão traseira;1;2;2;;;;1
03/08/2011;23:37:00;47;com vítima;29,4;BR-116/RJ;Norte;Choque em barreira New Jersey ;1;;1;;;;1
04/08/2011;11:45:00;13;sem vítima;133,5;BR-116/RJ;Sul;Abalroamento longitudinal;1;3;;;;;1
04/08/2011;17:35:00;28;com vítima;136,55;BR-116/RJ;Sul;Atropel. de pedestre atravessando;1;;1;;;1;3
04/08/2011;12:11:00;15;sem vítima;138,3;BR-116/RJ;Norte;Abalroamento longitudinal;1;3;;;;;1
04/08/2011;00:23:00;25;sem vítima;143,9;BR-116/RJ;Sul;Choque em defensa;1;2;;;;;1
05/08/2011;13:05:00;26;com vítima;55,55;BR-116/RJ;Sul;Abalroamento longitudinal;1;1;;4;;;2
05/08/2011;13:05:00;27;sem vítima;98,95;BR-116/RJ;Sul;Colisão traseira;1;5;;;;;1
06/08/2011;21:24:00;59;sem vítima;135,9;BR-116/RJ;Norte;Abalroamento longitudinal;2;2;;;;;1
08/08/2011;13:06:00;23;sem vítima;98,3;BR-116/RJ;Sul;Colisão traseira;1;2;;;;;1
10/08/2011;16:45:00;30;sem vítima;122,1;BR-116/RJ;Sul;Choque em barreira New Jersey ;1;3;;;;;1
11/08/2011;08:35:00;14;sem vítima;91,8;BR-116/RJ;Norte;Abalroamento longitudinal;1;2;;;;;1
12/08/2011;23:20:00;72;com vítima;86,9;BR-116/RJ;Sul;Capotamento;1;;1;;1;2;3
12/08/2011;16:51:00;40;sem vítima;133,5;BR-116/RJ;Sul;Colisão traseira;1;2;;;;;1
12/08/2011;12:39:00;23;sem vítima;143,7;BR-116/RJ;Sul;Colisão traseira;1;2;;;;;1
13/08/2011;21:48:00;62;com vítima;61,7;BR-116/RJ;Sul;Abalroamento longitudinal;1;;2;;;;1
13/08/2011;16:21:00;38;com vítima;67,1;BR-116/RJ;Norte;Atropel. de pedestre atravessando;1;1;;;;1;3
14/08/2011;21:20:00;65;com vítima;43,3;BR-116/RJ;Norte;Abalroamento longitudinal;1;;1;;;1;3
15/08/2011;10:34:00;20;com vítima;27;BR-116/RJ;Sul;Capotamento;1;;1;;;;1
15/08/2011;04:45:00;5;com vítima;82,95;BR-116/RJ;Sul;Atropelamento de animal;1;;2;;;;1
16/08/2011;21:26:00;46;com vítima;75,7;BR-116/RJ;Norte;Derrapagem;1;;1;1;;;2
17/08/2011;05:20:00;2;sem vítima;75,7;BR-116/RJ;Sul;Abalroamento longitudinal;1;2;;;;;1
18/08/2011;16:49:00;39;com vítima;123,1;BR-116/RJ;Sul;Colisão traseira;1;1;1;;;;1
18/08/2011;08:30:00;14;sem vítima;143,7;BR-116/RJ;Sul;Colisão traseira;1;2;;;;;1
22/08/2011;13:47:00;33;sem vítima;104,2;BR-116/RJ;Norte;Colisão traseira;1;3;;;;;1
23/08/2011;19:14:00;32;com vítima;6,4;BR-116/RJ;Sul;Abalroamento longitudinal;1;1;;1;;;2
24/08/2011;02:26:00;6;com vítima;91,2;BR-116/RJ;Sul;Derrapagem;1;1;1;;;;1
26/08/2011;19:58:00;52;com vítima;122;BR-116/RJ;Sul;Capotamento;1;1;;1;;;2
27/08/2011;11:06:00;15;sem vítima;99,9;BR-116/RJ;Norte;Abalroamento longitudinal;1;2;;;;;1
30/08/2011;18:14:00;61;sem vítima;133,6;BR-116/RJ;Norte;Abalroamento longitudinal;1;2;;;;;1
01/09/2011;21:05:00;39;com vítima;11,5;BR-116/RJ;Norte;Atropelamento de animal;1;;1;;;;1
01/09/2011;19:55:00;38;com vítima;23,3;BR-116/RJ;Norte;Choque em barreira New Jersey ;1;1;1;;;;1
01/09/2011;11:09:00;16;sem vítima;97,8;BR-116/RJ;Norte;Colisão traseira;1;5;;;;;1
02/09/2011;19:36:00;39;sem vítima;102,4;BR-116/RJ;Norte;Choque em veículo parado na pista;1;3;;;;;1
04/09/2011;15:03:00;35;sem vítima;143,85;BR-116/RJ;Sul;Abalroamento longitudinal;1;2;;;;;1
05/09/2011;19:45:00;53;com vítima;60,6;BR-116/RJ;Sul;Abalroamento longitudinal;1;1;;1;;;2
05/09/2011;09:38:00;13;sem vítima;133,5;BR-116/RJ;Sul;Colisão traseira;1;0;;;;;1
08/09/2011;02:42:00;3;com vítima;86,3;BR-116/RJ;Sul;Capotamento;1;;1;;;;1
08/09/2011;05:32:00;8;com vítima;143,9;BR-116/RJ;Sul;Colisão traseira;1;;2;;;;1
09/09/2011;23:24:00;70;sem vítima;123,7;BR-116/RJ;Norte;Abalroamento longitudinal;1;1;;;;;1
09/09/2011;21:50:00;64;com vítima;123,9;BR-116/RJ;Sul;Abalroamento longitudinal;1;1;1;;;;1
10/09/2011;22:15:00;64;sem vítima;125,2;BR-116/RJ;Norte;Queda de carga;1;1;;;;;1
10/09/2011;08:55:00;18;sem vítima;132;BR-116/RJ;Norte;Abalroamento longitudinal;1;2;;;;;1
11/09/2011;19:09:00;61;sem vítima;136,9;BR-116/RJ;Norte;Abalroamento longitudinal;1;2;;;;;1
12/09/2011;18:44:00;45;com vítima;72,15;BR-116/RJ;Norte;Colisão frontal;1;;1;1;;;2
12/09/2011;15:36:00;37;sem vítima;84,3;BR-116/RJ;Sul;Abalroamento longitudinal;2;2;;;;;1
12/09/2011;17:53:00;44;sem vítima;123,3;BR-116/RJ;Norte;Colisão traseira;1;2;;;;;1
13/09/2011;07:14:00;6;sem vítima;105,95;BR-116/RJ;Sul;Colisão traseira;1;19;;;;;1
13/09/2011;06:38:00;5;sem vítima;131,01;BR-116/RJ;Sul;Abalroamento longitudinal;1;22;;;;;1
14/09/2011;05:04:00;5;sem vítima;129,3;BR-116/RJ;Sul;Queda de carga;1;1;;;;;1
14/09/2011;18:13:00;38;sem vítima;143,5;BR-116/RJ;Sul;Colisão traseira;1;6;;;;;1
14/09/2011;16:53:00;33;com vítima;143,8;BR-116/RJ;Norte;Derrapagem;1;2;1;;;;1
15/09/2011;20:34:00;46;com vítima;99,2;BR-116/RJ;Sul;Colisão traseira;1;1;1;;;;1
16/09/2011;22:50:00;49;com vítima;53,8;BR-116/RJ;Sul;Capotamento;1;;;1;;;2
17/09/2011;01:22:00;3;com vítima;64,95;BR-116/RJ;Sul;Capotamento;1;;;;1;;2
17/09/2011;08:38:00;10;com vítima;143,6;BR-116/RJ;Sul;Colisão traseira;1;1;2;;;;1
18/09/2011;19:00:00;51;com vítima;111,3;BR-116/RJ;Norte;Abalroamento transversal;1;1;;;;1;3
18/09/2011;19:30:00;55;sem vítima;126,5;BR-116/RJ;Norte;Abalroamento longitudinal;1;2;;;;;1
20/09/2011;11:45:00;17;sem vítima;137,6;BR-116/RJ;Norte;Colisão traseira;1;2;;;;;1
21/09/2011;16:20:00;28;sem vítima;99,9;BR-116/RJ;Norte;Derrapagem;2;2;;;;;1
23/09/2011;10:07:00;15;com vítima;141,7;BR-116/RJ;Sul;Colisão traseira;2;3;3;;;;1
23/09/2011;11:02:00;20;sem vítima;141,7;BR-116/RJ;Sul;Abalroamento longitudinal;1;2;;;;;1
23/09/2011;21:18:00;64;com vítima;143,8;BR-116/RJ;Norte;Abalroamento longitudinal;1;1;1;;;;1
27/09/2011;00:20:00;1;sem vítima;12,05;BR-116/RJ;Norte;Choque em objeto fixo;1;2;;;;;1
27/09/2011;12:28:00;30;sem vítima;143,8;BR-116/RJ;Sul;Colisão traseira;2;2;;;;;1
29/09/2011;15:15:00;33;sem vítima;135,1;BR-116/RJ;Norte;Colisão traseira;1;2;;;;;1
30/09/2011;14:42:00;35;sem vítima;65;BR-116/RJ;Norte;Queda de carga;1;1;;;;;1
30/09/2011;13:20:00;30;com vítima;133,5;BR-116/RJ;Norte;Colisão traseira;1;1;1;;;;1
30/09/2011;07:23:00;17;com vítima;140;BR-116/RJ;Sul;Colisão traseira;2;3;1;;;;1
30/09/2011;06:48:00;12;com vítima;142,45;BR-116/RJ;Sul;Abalroamento longitudinal;2;47;3;;;;1
30/09/2011;05:18:00;8;sem vítima;143,7;BR-116/RJ;Sul;Colisão traseira;1;19;;;;;1
30/09/2011;05:00:00;6;sem vítima;144;BR-116/RJ;Sul;Colisão traseira;1;2;;;;;1
01/10/2011;03:08:00;9;sem vítima;29;BR-116/RJ;Norte;Choque em objeto fixo;1;1;;;;;1
01/10/2011;09:54:00;23;sem vítima;94,7;BR-116/RJ;Norte;Colisão traseira;1;3;;;;;1
01/10/2011;06:43:00;15;com vítima;125,85;BR-116/RJ;Norte;Derrapagem;1;;1;;;;1
03/10/2011;08:00:00;13;sem vítima;142,9;BR-116/RJ;Sul;Abalroamento longitudinal;1;0;;;;;1
03/10/2011;05:59:00;8;com vítima;143,3;BR-116/RJ;Sul;Colisão traseira;1;;4;;;;1
04/10/2011;13:08:00;23;sem vítima;71,3;BR-116/RJ;Norte;Abalroamento longitudinal;2;2;;;;;1
04/10/2011;21:35:00;42;sem vítima;91,2;BR-116/RJ;Sul;Choque em objeto fixo;1;2;;;;;1
04/10/2011;06:00:00;5;sem vítima;143,8;BR-116/RJ;Sul;Colisão traseira;1;2;;;;;1
05/10/2011;19:39:00;41;sem vítima;121,8;BR-116/RJ;Norte;Queda de carga;1;1;;;;;1
06/10/2011;16:31:00;42;com vítima;95,9;BR-116/RJ;Norte;Derrapagem;1;;1;;;;1
06/10/2011;18:38:00;48;com vítima;140,7;BR-116/RJ;Norte;Atropel. de pedestre atravessando;1;1;;;;1;3
07/10/2011;21:05:00;47;sem vítima;99;BR-116/RJ;Norte;Colisão traseira;1;2;;;;;1
08/10/2011;14:25:00;28;com vítima;19;BR-116/RJ;Sul;Colisão traseira;2;;3;;;;1
08/10/2011;20:18:00;60;sem vítima;133,5;BR-116/RJ;Sul;Choque em objeto fixo;1;1;;;;;1
09/10/2011;01:27:00;4;sem vítima;11,5;BR-116/RJ;Sul;Atropelamento de animal;1;1;;;;;1
10/10/2011;19:52:00;47;sem vítima;12,8;BR-116/RJ;Norte;Atropelamento de animal;1;1;;;;;1
10/10/2011;16:15:00;33;sem vítima;57,8;BR-116/RJ;Sul;Colisão traseira;2;2;;;;;1
11/10/2011;22:10:00;68;sem vítima;95,1;BR-116/RJ;Sul;Abalroamento longitudinal;2;2;;;;;1
11/10/2011;18:45:00;55;sem vítima;141,05;BR-116/RJ;Sul;Abalroamento longitudinal;1;2;;;;;1
11/10/2011;13:29:00;35;sem vítima;143;BR-116/RJ;Sul;Abalroamento longitudinal;1;2;;;;;1
11/10/2011;15:20:00;40;com vítima;143,5;BR-116/RJ;Norte;Capotamento;1;;1;;;;1
11/10/2011;15:55:00;42;sem vítima;143,59;BR-116/RJ;Norte;Abalroamento longitudinal;1;2;;;;;1
12/10/2011;02:13:00;3;com vítima;80;BR-116/RJ;Sul;Derrapagem;1;;1;;;;1
14/10/2011;13:26:00;33;com vítima;31,15;BR-116/RJ;Sul;Colisão frontal;1;;3;;2;;2
14/10/2011;21:43:00;54;sem vítima;53,95;BR-116/RJ;Sul;Capotamento;1;0;;;;;1
15/10/2011;16:28:00;36;com vítima;5,7;BR-116/RJ;Norte;Abalroamento longitudinal;1;;1;;1;;2
15/10/2011;06:13:00;11;com vítima;134,6;BR-116/RJ;Norte;Choque em veículo parado na pista;1;3;2;;;;1
15/10/2011;22:15:00;57;com vítima;137,8;BR-116/RJ;Norte;Abalroamento longitudinal;1;1;1;;;;1
17/10/2011;17:55:00;31;com vítima;5,6;BR-116/RJ;Norte;Abalroamento longitudinal;1;1;2;;;;1
18/10/2011;16:39:00;32;sem vítima;126,2;BR-116/RJ;Sul;Abalroamento longitudinal;1;2;;;;;1
18/10/2011;12:40:00;25;sem vítima;142;BR-116/RJ;Norte;Atropelamento de animal;1;1;;;;;1
19/10/2011;11:27:00;22;sem vítima;143,8;BR-116/RJ;Sul;Abalroamento longitudinal;1;4;;;;;1