data;horario;n_da_ocorrencia;tipo_de_ocorrencia;km;trecho;sentido;tipo_de_acidente;caminhao;ilesos;levemente_feridos;moderadamente_feridos;gravemente_feridos;mortos;3
09/11/2012;15:02:00;56;sem vítima;142,9;BR-116/RJ;Sul;Colisão traseira;1;16;;;;;1
10/11/2012;13:35:00;19;sem vítima;123;BR-116/RJ;Norte;Queda de carga;1;1;;;;;1
11/11/2012;17:55:00;42;com vítima;143,8;BR-116/RJ;Sul;Abalroamento longitudinal;1;;2;;;;1
13/11/2012;12:40:00;14;com vítima;29,2;BR-116/RJ;Norte;Capotamento;1;;;2;;;2
13/11/2012;18:16:00;23;com vítima;76,6;BR-116/RJ;Sul;Colisão traseira;1;;2;;;;1
13/11/2012;21:10:00;33;sem vítima;136,3;BR-116/RJ;Sul;Choque em veículo parado na pista;1;2;;;;;1
14/11/2012;08:22:00;8;sem vítima;95,4;BR-116/RJ;Norte;Abalroamento Longitudinal;1;2;;;;;1
16/11/2012;14:46:00;20;sem vítima;133,5;BR-116/RJ;Sul;Colisão traseira;1;2;;;;;1
19/11/2012;03:13:00;5;sem vítima;96,45;BR-116/RJ;Sul;Derrapagem;1;3;;;;;1
19/11/2012;11:09:00;16;com vítima;142,5;BR-116/RJ;Sul;Capotamento;1;;1;;;;1
20/11/2012;14:47:00;25;com vítima;60,9;BR-116/RJ;Sul;Capotamento;1;;;1;;;2
20/11/2012;17:44:00;29;sem vítima;133,5;BR-116/RJ;Norte;Choque em objeto fixo;1;1;;;;;1
20/11/2012;18:54:00;31;sem vítima;133,5;BR-116/RJ;Norte;Choque em objeto fixo;1;1;;;;;1
20/11/2012;19:15:00;35;sem vítima;133,5;BR-116/RJ;Norte;Choque em objeto fixo;1;1;;;;;1
21/11/2012;07:08:00;8;com vítima;142;BR-116/RJ;Sul;Colisão traseira;1;2;1;;;;1
21/11/2012;11:28:00;16;sem vítima;99,1;BR-116/RJ;Sul;Colisão traseira;1;3;;;;;1
21/11/2012;18:42:00;37;sem vítima;128,9;BR-116/RJ;Norte;Choque em defensa;1;1;;;;;1
23/11/2012;15:57:00;36;sem vítima;120,15;BR-116/RJ;Norte;Colisão traseira;2;4;;;;;1
25/11/2012;15:39:00;25;com vítima;27,5;BR-116/RJ;Norte;Derrapagem;1;;1;;;;1
26/11/2012;05:08:00;6;com vítima;139,3;BR-116/RJ;Sul;Colisão traseira;1;2;;1;;;2
26/11/2012;19:10:00;55;com vítima;95,7;BR-116/RJ;Norte;Abalroamento longitudinal;2;2;;;6;1;3
28/11/2012;04:34:00;4;sem vítima;38,3;BR-116/RJ;Sul;Atropelamento de animal;1;1;;;;;1
29/11/2012;07:57:00;11;com vítima;93,3;BR-116/RJ;Sul;Colisão traseira;2;2;1;;;;1
02/12/2012;21:42:00;63;com vítima;37,8;BR-116/RJ;Sul;Capotamento;1;;;1;;;2
04/12/2012;09:51:00;13;sem vítima;127,94;BR-116/RJ;Sul;Abalroamento longitudinal;1;2;;;;;1
04/12/2012;17:10:00;44;com vítima;67,7;BR-116/RJ;Norte;Colisão frontal;1;1;;1;;;2
04/12/2012;17:37:00;46;com vítima;142,3;BR-116/RJ;Norte;colisão traseira;1;1;1;1;;;2
05/12/2012;11:33:00;26;sem vítima;122;BR-116/RJ;Norte;colisão traseira;1;2;;;;;1
05/12/2012;15:12:00;41;sem vítima;143,7;BR-116/RJ;Sul;Abalroamento longitudinal;1;2;;;;;1
05/12/2012;11:56:00;27;sem vítima;82;BR-116/RJ;Sul;Abalroamento longitudinal;1;2;;;;;1
06/12/2012;09:05:00;13;sem vítima;101;BR-116/RJ;Sul;Derrapagem;1;1;;;;;1
07/12/2012;07:27:00;14;sem vítima;141,1;BR-116/RJ;Sul;colisão traseira;1;131;;;;;1
07/12/2012;16:44:00;65;com vítima;91,5;BR-116/RJ;Norte;colisão traseira;1;1;1;1;;;2
08/12/2012;08:28:00;16;com vítima;130,5;BR-116/RJ;Norte;Abalroamento longitudinal;1;1;1;;;;1
10/12/2012;04:59:00;5;com vítima;94,1;BR-116/RJ;Sul;colisão traseira;1;2;1;;;;1
10/12/2012;05:24:00;7;com vítima;86;BR-116/RJ;Norte;Capotamento;1;;;2;;;2
11/12/2012;15:05:00;44;sem vítima;143,85;BR-116/RJ;Sul;Abalroamento longitudinal;1;2;;;;;1
12/12/2012;06:10:00;5;sem vítima;28;BR-116/RJ;Norte;Choque em objeto fixo;1;1;;;;;1
12/12/2012;18:08:00;32;sem vítima;143,9;BR-116/RJ;Sul;Colisão traseira;1;2;;;;;1
14/12/2012;14:20:00;35;sem vítima;140,6;BR-116/RJ;Sul;Choque em objeto fixo;2;2;;;;;1
14/12/2012;16:02:00;42;sem vítima;143,75;BR-116/RJ;Sul;Colisão traseira;2;2;;;;;1
14/12/2012;18:53:00;53;sem vítima;94,05;BR-116/RJ;Sul;Derrapagem;1;1;;;;;1
14/12/2012;22:45:00;65;com vítima;135,2;BR-116/RJ;Sul;Choque em objeto fixo;1;;2;;;;1
16/12/2012;08:19:00;11;sem vítima;143,7;BR-116/RJ;Norte;Abalroamento longitudinal;1;3;;;;;1
16/12/2012;08:45:00;12;com vítima;69,85;BR-116/RJ;Norte;Abalroamento longitudinal;1;1;2;;;;1
19/12/2012;13:24:00;27;sem vítima;78,4;BR-116/RJ;Sul;Colisão traseira;2;2;;;;;1
19/12/2012;18:12:00;47;com vítima;61,9;BR-116/RJ;Sul;Abalroamento longitudinal;1;;3;;;;1
19/12/2012;19:55:00;57;com vítima;29,8;BR-116/RJ;Norte;Derrapagem;1;1;2;;;;1
20/12/2012;05:54:00;7;sem vítima;128,49;BR-116/RJ;Norte;Choque em objeto fixo;1;1;;;;;1
20/12/2012;15:03:00;30;sem vítima;92;BR-116/RJ;Norte;Colisão traseira;1;2;;;;;1
21/12/2012;07:55:00;20;com vítima;129,5;BR-116/RJ;Norte;Colisão traseira;2;35;1;;;;1
22/12/2012;05:44:00;10;sem vítima;126;BR-116/RJ;Sul;Queda de carga;1;1;;;;;1
23/12/2012;01:15:00;3;sem vítima;138,6;BR-116/RJ;Sul;Derrapagem;1;3;;;;;1
23/12/2012;22:08:00;57;com vítima;80,3;BR-116/RJ;Norte;Abalroamento longitudinal;1;4;1;;;;1
24/12/2012;12:10:00;18;sem vítima;143,8;BR-116/RJ;Sul;Abalroamento longitudinal;1;2;;;;;1
26/12/2012;07:35:00;10;sem vítima;72,7;BR-116/RJ;Sul;Queda de carga;1;1;;;;;1
26/12/2012;13:07:00;42;sem vítima;4;BR-116/RJ;Sul;;1;1;;;;;1
28/12/2012;06:12:00;7;sem vítima;14,9;BR-116/RJ;Sul;colisão traseira;2;2;;;;;1
30/12/2012;19:36:00;65;sem vítima;125,4;BR-116/RJ;Norte;Queda de carga;1;1;;;;;1
31/12/2012;06:42:00;3;com vítima;121,9;BR-116/RJ;Sul;colisão traseira;1;2;1;;;;1
02/01/2013;14:40:00;37;sem vítima;36,15;BR-116/RJ;Sul;Choque em objeto fixo;1;1;;;;;1
02/01/2013;19:14:00;56;com vítima;137,8;BR-116/RJ;Sul;Choque em defensa;1;4;1;;;;1
03/01/2013;10:58:00;26;com vítima;136,95;BR-116/RJ;Sul;Choque em objeto fixo;1;;1;1;;;2
03/01/2013;15:26:00;38;sem vítima;93;BR-116/RJ;Sul;Colisão traseira;1;2;;;;;1
03/01/2013;17:19:00;49;com vítima;123,4;BR-116/RJ;Norte;Derrapagem;1;;1;;;;1
05/01/2013;11:50:00;19;sem vítima;143,5;BR-116/RJ;Norte;Abalroamento longitudinal;1;2;;;;;1
10/01/2013;11:49:00;17;sem vítima;90;BR-116/RJ;Norte;Colisão traseira;1;3;;;;;1
10/01/2013;15:30:00;32;sem vítima;137,95;BR-116/RJ;Norte;Choque em objeto fixo;1;1;;;;;1
11/01/2013;03:26:00;3;sem vítima;136,9;BR-116/RJ;Norte;Atropelamento de animal;1;1;;;;;1
11/01/2013;07:17:00;6;sem vítima;96,6;BR-116/RJ;Norte;Colisão traseira;1;2;;;;;1
14/01/2013;18:00:00;33;sem vítima;95,9;BR-116/RJ;Norte;Abalroamento longitudinal;1;2;;;;;1
15/01/2013;19:08:00;44;com vítima;22,5;BR-116/RJ;Sul;Abalroamento longitudinal;2;1;1;1;;;2
15/01/2013;22:18:00;52;com vítima;134;BR-116/RJ;Sul;Capotamento;1;;;1;;;2
17/01/2013;16:17:00;29;com vítima;5,6;BR-116/RJ;Norte;Abalroamento longitudinal;1;1;;4;;;2
18/01/2013;07:35:00;8;com vítima;143,05;BR-116/RJ;Sul;Colisão traseira;1;1;;1;;;2
20/01/2013;19:46:00;44;sem vítima;93,2;BR-116/RJ;Sul;Abalroamento longitudinal;1;2;;;;;1
24/01/2013;05:23:00;5;sem vítima;104,7;BR-116/RJ;Norte;Derrapagem;1;2;;;;;1
25/01/2013;20:22:00;69;sem vítima;97;BR-116/RJ;Norte;Colisão traseira;1;2;;;;;1
29/01/2013;11:09:00;16;sem vítima;122,3;BR-116/RJ;Sul;Choque em objeto fixo;1;1;;;;;1
29/01/2013;12:51:00;23;com vítima;53,3;BR-116/RJ;Sul;Abalroamento longitudinal;1;1;1;;;;1
01/02/2013;18:40:00;55;com vítima;92,5;BR-116/RJ;Norte;Colisão traseira;2;;3;;;;1
04/02/2013;11:40:00;25;sem vítima;143,8;BR-116/RJ;Sul;Colisão traseira;1;2;;;;;1
04/02/2013;17:12:00;50;sem vítima;29,8;BR-116/RJ;Norte;Colisão traseira;1;2;;;;;1
05/02/2013;12:11:00;27;sem vítima;93,1;BR-116/RJ;Norte;Abalroamento longitudinal;2;2;;;;;1
05/02/2013;21:39:00;58;sem vítima;93,2;BR-116/RJ;Sul;Colisão traseira;1;2;;;;;1
05/02/2013;21:54:00;60;com vítima;132,75;BR-116/RJ;Sul;Choque em objeto fixo;1;1;;;1;;2
06/02/2013;19:31:00;68;sem vítima;122;BR-116/RJ;Norte;Abalroamento longitudinal;1;2;;;;;1
07/02/2013;06:40:00;9;sem vítima;143,8;BR-116/RJ;Sul;Abalroamento longitudinal;1;2;;;;;1
08/02/2013;23:59:00;92;sem vítima;114,2;BR-116/RJ;Sul;Abalroamento longitudinal;1;4;;;;;1
09/02/2013;12:33:00;57;sem vítima;139,03;BR-116/RJ;Norte;Abalroamento longitudinal;1;2;;;;;1
13/02/2013;09:28:00;14;sem vítima;108;BR-116/RJ;Norte;Abalroamento longitudinal;1;2;;;;;1
13/02/2013;17:34:00;71;sem vítima;134,3;BR-116/RJ;Sul;Colisão traseira;1;2;;;;;1
13/02/2013;18:46:00;83;com vítima;99,6;BR-116/RJ;Sul;Colisão traseira;2;;;;4;;2
15/02/2013;19:24:00;57;com vítima;122,5;BR-116/RJ;Sul;Capotamento;1;;;1;;;2
16/02/2013;06:55:00;7;sem vítima;138,1;BR-116/RJ;Norte;Colisão traseira;1;3;;;;;1
18/02/2013;04:55:00;3;sem vítima;100,7;BR-116/RJ;Norte;Abalroamento longitudinal;1;45;;;;;1
19/02/2013;08:20:00;12;sem vítima;142,95;BR-116/RJ;Sul;Abalroamento longitudinal;1;2;;;;;1
19/02/2013;18:28:00;45;com vítima;78,1;BR-116/RJ;Norte;Colisão frontal;1;;2;;1;;2
20/02/2013;14:05:00;23;sem vítima;128;BR-116/RJ;Sul;Colisão traseira;1;2;;;;;1
21/02/2013;01:45:00;1;sem vítima;112,7;BR-116/RJ;Sul;Derrapagem;1;3;;;;;1
21/02/2013;18:49:00;37;com vítima;127,3;BR-116/RJ;Norte;Colisão traseira;2;1;;1;;;2
21/02/2013;18:54:00;38;sem vítima;131,1;BR-116/RJ;Sul;Abalroamento longitudinal;1;2;;;;;1
24/02/2013;18:45:00;45;com vítima;41,25;BR-116/RJ;Sul;Abalroamento transversal;1;1;;3;;;2
25/02/2013;14:20:00;42;sem vítima;143,8;BR-116/RJ;Sul;Colisão traseira;2;3;;;;;1
27/02/2013;07:10:00;6;com vítima;126,5;BR-116/RJ;Norte;Queda de carga;1;;3;;;;1
27/02/2013;17:34:00;35;com vítima;90,5;BR-116/RJ;Norte;Choque em barreira New Jersey ;1;2;1;;;;1
01/03/2013;16:17:00;33;sem vítima;101,7;BR-116/RJ;Norte;Derrapagem;1;1;;;;;1
01/03/2013;06:21:00;7;com vítima;124,5;BR-116/RJ;Sul;Colisão traseira;1;1;1;;;;1
05/03/2013;16:27:00;35;com vítima;90,7;BR-116/RJ;Norte;Colisão traseira;1;1;2;;;;1
05/03/2013;17:20:00;37;sem vítima;93,5;BR-116/RJ;Sul;Abalroamento longitudinal;1;2;;;;;1
08/03/2013;19:08:00;47;sem vítima;71;BR-116/RJ;Sul;Colisão traseira;1;2;;;;;1
08/03/2013;14:10:00;27;com vítima;132,65;BR-116/RJ;Sul;Abalroamento longitudinal;1;1;1;1;;;2
09/03/2013;14:54:00;40;sem vítima;96,8;BR-116/RJ;Norte;Abalroamento longitudinal;1;2;;;;;1
09/03/2013;10:55:00;19;sem vítima;135;BR-116/RJ;Norte;Abalroamento longitudinal;1;3;;;;;1
12/03/2013;12:36:00;25;com vítima;106,7;BR-116/RJ;Norte;Colisão traseira;1;;;1;;;2
14/03/2013;06:03:00;8;com vítima;137;BR-116/RJ;Sul;Colisão traseira;1;;3;2;;;2
15/03/2013;15:07:00;23;sem vítima;95;BR-116/RJ;Norte;Abalroamento longitudinal;1;2;;;;;1
15/03/2013;02:27:00;3;sem vítima;127,8;BR-116/RJ;Sul;Derrapagem;1;1;;;;;1
15/03/2013;07:30:00;5;sem vítima;132,7;BR-116/RJ;Sul;Abalroamento longitudinal;1;4;;;;;1
15/03/2013;19:58:00;43;sem vítima;143,7;BR-116/RJ;Norte;Colisão traseira;1;2;;;;;1
17/03/2013;22:44:00;41;sem vítima;99,8;BR-116/RJ;Sul;Choque em objeto na pista;1;1;;;;;1
19/03/2013;15:23:00;25;com vítima;79;BR-116/RJ;Sul;Colisão frontal;1;1;;1;;;2
21/03/2013;14:10:00;23;com vítima;92;BR-116/RJ;Sul;Choque em objeto fixo;1;;2;;;;1
21/03/2013;09:16:00;13;sem vítima;142,2;BR-116/RJ;Sul;Colisão traseira;2;2;;;;;1
22/03/2013;14:25:00;34;sem vítima;93,8;BR-116/RJ;Sul;Choque em Objeto Fixo;1;1;;;;;1
22/03/2013;18:30:00;50;sem vítima;133,5;BR-116/RJ;Norte;Abalroamento longitudinal;1;2;;;;;1
22/03/2013;16:55:00;42;sem vítima;144;BR-116/RJ;Sul;Colisão traseira;1;3;;;;;1
23/03/2013;14:08:00;21;com vítima;49,7;BR-116/RJ;Sul;Colisão frontal;1;;1;;1;;2
23/03/2013;21:03:00;45;sem vítima;143,5;BR-116/RJ;Norte;Abalroamento longitudinal;1;3;;;;;1
26/03/2013;06:36:00;9;com vítima;105,3;BR-116/RJ;Sul;Abalroamento longitudinal;1;2;1;;;;1
26/03/2013;05:36:00;6;sem vítima;140;BR-116/RJ;Sul;Colisão traseira;1;2;;;;;1
27/03/2013;15:55:00;38;sem vítima;29,3;BR-116/RJ;Norte;Colisão traseira;1;2;;;;;1
27/03/2013;13:58:00;26;sem vítima;142,5;BR-116/RJ;Sul;Colisão traseira;1;2;;;;;1
28/03/2013;09:40:00;19;com vítima;61;BR-116/RJ;Sul;Capotamento;1;;;1;;;2
29/03/2013;10:53:00;20;sem vítima;90,5;BR-116/RJ;Sul;Abalroamento longitudinal;1;4;;;;;1
29/03/2013;09:29:00;16;sem vítima;99,4;BR-116/RJ;Norte;Abalroamento longitudinal;1;5;;;;;1
29/03/2013;15:43:00;36;sem vítima;125,5;BR-116/RJ;Norte;Queda de carga;1;1;;;;;1
30/03/2013;13:00:00;22;sem vítima;123,3;BR-116/RJ;Norte;Derrapagem;1;1;;;;;1
01/04/2013;05:12:00;6;com vítima;137,8;BR-116/RJ;Sul;Colisão traseira;1;4;2;;;;1
03/04/2013;07:37:00;4;com vítima;29,2;BR-116/RJ;Norte;Capotamento;1;;1;;;;1
03/04/2013;07:43:00;7;com vítima;86,3;BR-116/RJ;Sul;Choque em Objeto fixo;1;;1;;;;1
03/04/2013;07:54:00;9;com vítima;122,1;BR-116/RJ;Sul;Abalroamento longitudinal;1;1;1;;;;1
03/04/2013;21:14:00;44;com vítima;143,2;BR-116/RJ;Sul;Colisão traseira;1;7;1;2;;;2
05/04/2013;01:58:00;6;sem vítima;95,2;BR-116/RJ;Sul;Colisão traseira;1;2;;;;;1
05/04/2013;18:40:00;63;com vítima;137;BR-116/RJ;Sul;Colisão frontal;1;2;1;;;;1
06/04/2013;16:29:00;29;com vítima;108;BR-116/RJ;Sul;Abalroamento longitudinal;1;1;2;;;;1
10/04/2013;11:40:00;20;com vítima;139,5;BR-116/RJ;Norte;Choque em objeto fixo;1;;1;2;;;2
10/04/2013;14:20:00;30;sem vítima;143,7;BR-116/RJ;Sul;Colisão traseira;1;2;;;;;1
11/04/2013;13:17:00;32;com vítima;108,7;BR-116/RJ;Norte;Capotamento;1;;2;;;;1
13/04/2013;16:40:00;37;com vítima;137,4;BR-116/RJ;Norte;Colisão traseira;2;2;2;;;;1
14/04/2013;06:33:00;4;sem vítima;137;BR-116/RJ;Sul;Derrapagem;1;1;;;;;1
16/04/2013;14:23:00;19;com vítima;92,3;BR-116/RJ;Sul;Abalroamento longitudinal;1;;1;2;;;2
16/04/2013;16:12:00;22;sem vítima;96;BR-116/RJ;Norte;Abalroamento longitudinal;1;5;;;;;1
17/04/2013;03:20:00;3;sem vítima;133,5;BR-116/RJ;Sul;Colisão traseira;2;2;;;;;1
17/04/2013;07:41:00;4;com vítima;6,3;BR-116/RJ;Norte;Abalroamento longitudinal;2;;3;;;;1
17/04/2013;09:45:00;16;sem vítima;143;BR-116/RJ;Sul;Abalroamento longitudinal;1;2;;;;;1
18/04/2013;15:40:00;34;com vítima;31,5;BR-116/RJ;Norte;Derrapagem;1;1;1;1;;;2
21/04/2013;13:14:00;35;sem vítima;143,6;BR-116/RJ;Sul;Colisão traseira;1;6;;;;;1
22/04/2013;14:10:00;26;sem vítima;143,75;BR-116/RJ;Norte;Colisão traseira;1;2;;;;;1
24/04/2013;01:45:00;4;com vítima;50,6;BR-116/RJ;Sul;Abalroamento longitudinal;1;;2;1;;;2
24/04/2013;08:10:00;11;sem vítima;143,2;BR-116/RJ;Sul;Colisão traseira;1;4;;;;;1
24/04/2013;08:40:00;14;sem vítima;87;BR-116/RJ;Sul;Choque em veículo parado na pista;1;5;;;;;1
24/04/2013;09:27:00;16;com vítima;29,1;BR-116/RJ;Norte;Capotamento;1;;1;;;;1
29/04/2013;17:06:00;43;com vítima;89;BR-116/RJ;Sul;Abalroamento longitudinal;1;2;;1;;;2
30/04/2013;09:30:00;16;sem vítima;124;BR-116/RJ;Norte;Abalroamento longitudinal;2;2;;;;;1
30/04/2013;14:30:00;37;com vítima;130,9;BR-116/RJ;Sul;Colisão traseira;2;1;;1;;;2
01/05/2013;12:45:00;21;sem vítima;94,7;BR-116/RJ;Norte;Colisão traseira;1;2;;;;;1
02/05/2013;19:22:00;38;sem vítima;142,6;BR-116/RJ;Norte;Abalroamento longitudinal;1;2;;;;;1
02/05/2013;19:30:00;39;sem vítima;143,8;BR-116/RJ;Sul;Colisão traseira;1;2;;;;;1
02/05/2013;19:50:00;40;com vítima;143,2;BR-116/RJ;Sul;Abalroamento longitudinal;1;2;;2;;;2
04/05/2013;10:15:00;23;sem vítima;137,75;BR-116/RJ;Sul;Colisão traseira;1;3;;;;;1
05/05/2013;20:45:00;52;com vítima;122;BR-116/RJ;Norte;Abalroamento transversal;1;1;;;1;;2
07/05/2013;07:50:00;10;com vítima;142,5;BR-116/RJ;Norte;Colisão frontal;1;1;1;;;;1
07/05/2013;22:19:00;50;com vítima;27,1;BR-116/RJ;Norte;Capotamento;1;;;1;;;2
08/05/2013;18:22:00;32;com vítima;66,2;BR-116/RJ;Sul;Abalroamento longitudinal;1;1;2;1;;;2
10/05/2013;08:00:00;9;sem vítima;132,7;BR-116/RJ;Sul;Choque em defensa;1;1;;;;;1
10/05/2013;14:50:00;27;com vítima;104,1;BR-116/RJ;Norte;Abalroamento transversal;1;1;;;2;;2
13/05/2013;09:36:00;12;com vítima;80,65;BR-116/RJ;Norte;Abalroamento longitudinal;2;1;1;;;1;3
14/05/2013;07:55:00;7;com vítima;29,6;BR-116/RJ;Sul;Capotamento;1;;1;;;;1
15/05/2013;16:17:00;37;com vítima;141,9;BR-116/RJ;Norte;Abalroamento transversal;1;1;;;1;;2
17/05/2013;04:08:00;3;com vítima;53,4;BR-116/RJ;Norte;Derrapagem;1;;1;;;;1
17/05/2013;05:25:00;6;sem vítima;99,9;BR-116/RJ;Sul;Abalroamento longitudinal;1;2;;;;;1
17/05/2013;06:15:00;8;sem vítima;143,9;BR-116/RJ;Sul;Abalroamento longitudinal;1;2;;;;;1
17/05/2013;17:57:00;52;com vítima;137,7;BR-116/RJ;Sul;Colisão traseira;2;2;1;;;;1
17/05/2013;21:08:00;59;com vítima;56,5;BR-116/RJ;Sul;Atropelamento de animal;1;;1;;;;1
23/05/2013;08:40:00;9;sem vítima;29,7;BR-116/RJ;Sul;Colisão traseira;1;2;;;;;1
24/05/2013;08:48:00;8;com vítima;26,7;BR-116/RJ;Norte;Queda de carga;1;;;1;;;2
24/05/2013;21:50:00;38;com vítima;35,8;BR-116/RJ;Sul;Colisão frontal;1;;4;;;;1
27/05/2013;03:54:00;3;sem vítima;122,9;BR-116/RJ;Sul;Colisão traseira;2;3;;;;;1
28/05/2013;00:26:00;1;sem vítima;127,9;BR-116/RJ;Sul;Queda de carga;1;2;;;;;1
29/05/2013;11:27:00;21;sem vítima;143,85;BR-116/RJ;Sul;Colisão traseira;1;2;;;;;1
31/05/2013;13:37:00;29;sem vítima;90,9;BR-116/RJ;Norte;Colisão traseira;2;2;;;;;1
01/06/2013;07:04:00;12;sem vítima;142;BR-116/RJ;Sul;Colisão traseira;1;2;;;;;1
01/06/2013;07:04:00;13;sem vítima;142;BR-116/RJ;Sul;Derrapagem;1;1;;;;;1
02/06/2013;22:18:00;71;com vítima;75,8;BR-116/RJ;Norte;Abalroamento longitudinal;1;1;1;;;;1
04/06/2013;06:27:00;9;sem vítima;137,15;BR-116/RJ;Norte;Queda de carga;1;1;;;;;1
05/06/2013;16:56:00;34;com vítima;79,8;BR-116/RJ;Sul;Colisão traseira;1;;2;2;;;2
05/06/2013;21:46:00;48;com vítima;22,35;BR-116/RJ;Sul;Capotamento;1;;;1;;;2
06/06/2013;06:28:00;6;sem vítima;143,8;BR-116/RJ;Sul;Colisão traseira;1;2;;;;;1
06/06/2013;07:02:00;8;sem vítima;142;BR-116/RJ;Sul;Colisão traseira;1;2;;;;;1
07/06/2013;12:36:00;23;sem vítima;92,3;BR-116/RJ;Sul;Colisão traseira;1;3;;;;;1
08/06/2013;18:06:00;49;sem vítima;58,9;BR-116/RJ;Norte;Abalroamento longitudinal;1;2;;;;;1
09/06/2013;19:17:00;39;com vítima;143,5;BR-116/RJ;Norte;Abalroamento longitudinal;1;1;1;;;;1
09/06/2013;20:52:00;43;com vítima;99,3;BR-116/RJ;Norte;Capotamento;1;;2;;;;1
10/06/2013;12:24:00;16;com vítima;94,05;BR-116/RJ;Sul;Choque em veículo parado na pista;1;1;1;;;;1
13/06/2013;05:57:00;7;com vítima;144;BR-116/RJ;Sul;Choque em objeto fixo;1;;1;;;;1
14/06/2013;20:12:00;62;sem vítima;143,3;BR-116/RJ;Norte;Abalroamento longitudinal;1;4;;;;;1
18/06/2013;14:58:00;11;com vítima;122,5;BR-116/RJ;Sul;Derrapagem;1;;1;;;;1
19/06/2013;15:24:00;25;com vítima;109,1;BR-116/RJ;Norte;Derrapagem;1;;2;;;;1
20/06/2013;02:41:00;4;com vítima;139,95;BR-116/RJ;Sul;Colisão traseira;1;2;;;2;;2
21/06/2013;23:34:00;49;com vítima;129;BR-116/RJ;Sul;Colisão frontal;1;2;;1;;;2
22/06/2013;12:42:00;24;com vítima;96,2;BR-116/RJ;Sul;Colisão traseira;1;3;1;;;;1
22/06/2013;14:54:00;28;com vítima;13,05;BR-116/RJ;Norte;Capotamento;1;;1;;;;1
24/06/2013;16:03:00;32;com vítima;126,95;BR-116/RJ;Sul;Colisão traseira;1;1;;;1;;2
26/06/2013;04:15:00;2;sem vítima;11,8;BR-116/RJ;Norte;Atropelamento de animal;1;2;;;;;1
26/06/2013;05:00:00;4;sem vítima;64,95;BR-116/RJ;Sul;Choque em objeto fixo;1;1;;;;;1
27/06/2013;07:40:00;5;com vítima;140,85;BR-116/RJ;Sul;Colisão traseira;2;32;25;;1;;2
27/06/2013;19:27:00;37;sem vítima;137,4;BR-116/RJ;Sul;Abalroamento longitudinal;1;2;;;;;1
28/06/2013;07:10:00;12;sem vítima;125,9;BR-116/RJ;Sul;Abalroamento longitudinal;1;2;;;;;1
29/06/2013;10:01:00;8;sem vítima;95,95;BR-116/RJ;Sul;Colisão traseira;1;2;;;;;1
02/07/2013;04:06:00;2;sem vítima;138,1;BR-116/RJ;Sul;Atropelamento de animal;1;1;;;;;1
02/07/2013;13:21:00;33;com vítima;63,15;BR-116/RJ;Sul;Derrapagem;1;;;1;;;2
03/07/2013;16:13:00;29;com vítima;80,3;BR-116/RJ;Norte;Abalroamento transversal;2;;;6;;;2
03/07/2013;21:10:00;41;sem vítima;23,5;BR-116/RJ;Norte;Abalroamento transversal;1;2;;;;;1
05/07/2013;01:53:00;1;sem vítima;66;BR-116/RJ;Sul;Atropelamento de animal;1;1;;;;;1
06/07/2013;16:03:00;39;com vítima;133,6;BR-116/RJ;Norte;Abalroamento transversal;1;1;6;;;;1
07/07/2013;20:00:00;33;com vítima;84,8;BR-116/RJ;Norte;Choque em veículo parado na pista;2;;2;;;;1
07/07/2013;20:20:00;36;com vítima;137,95;BR-116/RJ;Sul;Colisão traseira;1;2;1;2;;;2
07/07/2013;20:41:00;37;sem vítima;137,7;BR-116/RJ;Sul;Abalroamento longitudinal;1;3;;;;;1
09/07/2013;08:50:00;10;sem vítima;125,5;BR-116/RJ;Norte;Queda de carga;1;1;;;;;1
09/07/2013;13:20:00;20;com vítima;29,2;BR-116/RJ;Norte;Capotamento;1;;;;;2;3
10/07/2013;07:20:00;6;sem vítima;125,2;BR-116/RJ;Norte;Queda de carga;1;1;;;;;1
12/07/2013;10:00:00;8;sem vítima;125,35;BR-116/RJ;Norte;Queda de carga;1;1;;;;;1
12/07/2013;19:07:00;45;com vítima;81;BR-116/RJ;Norte;Abalroamento transversal;1;1;2;;;;1
12/07/2013;20:35:00;50;sem vítima;97,2;BR-116/RJ;Sul;Derrapagem;1;3;;;;;1
12/07/2013;21:15:00;51;com vítima;95,4;BR-116/RJ;Sul;Derrapagem;1;;2;;;;1
13/07/2013;15:23:00;41;sem vítima;133,35;BR-116/RJ;Sul;Colisão traseira;2;2;;;;;1
15/07/2013;07:07:00;8;sem vítima;143,85;BR-116/RJ;Sul;Abalroamento longitudinal;1;2;;;;;1
16/07/2013;22:07:00;49;com vítima;103;BR-116/RJ;Sul;Colisão traseira;2;1;1;;;;1