data;horario;n_da_ocorrencia;tipo_de_ocorrencia;km;trecho;sentido;tipo_de_acidente;caminhao;ilesos;levemente_feridos;moderadamente_feridos;gravemente_feridos;mortos;3
17/07/2013;08:56:00;10;sem vítima;29,6;BR-116/RJ;Norte;Derrapagem;1;1;;;;;1
17/07/2013;09:48:00;13;sem vítima;115,6;BR-116/RJ;Norte;Choque em veículo parado na pista;1;5;;;;;1
18/07/2013;06:39:00;5;sem vítima;139,9;BR-116/RJ;Sul;Choque em veículo parado na pista;1;2;;;;;1
19/07/2013;19:54:00;40;com vítima;98,9;BR-116/RJ;Sul;Abalroamento longitudinal;1;2;2;;;;1
20/07/2013;07:20:00;10;com vítima;124,2;BR-116/RJ;Sul;Abalroamento longitudinal;1;1;;1;;;2
21/07/2013;20:34:00;53;com vítima;37,8;BR-116/RJ;Norte;Colisão frontal;1;;2;;;1;3
23/07/2013;07:54:00;5;sem vítima;77,15;BR-116/RJ;Norte;Colisão traseira;1;2;;;;;1
23/07/2013;08:03:00;7;com vítima;27,7;BR-116/RJ;Norte;Capotamento;1;;;;;2;3
24/07/2013;05:13:00;2;sem vítima;137,6;BR-116/RJ;Sul;Choque em objeto fixo;1;1;;;;;1
28/07/2013;13:26:00;21;com vítima;95,8;BR-116/RJ;Norte;Colisão frontal;1;1;;;1;;2
29/07/2013;06:51:00;6;sem vítima;133,5;BR-116/RJ;Norte;Colisão traseira;2;2;;;;;1
01/08/2013;10:20:00;13;com vítima;39,2;BR-116/RJ;Sul;Abalroamento longitudinal;1;;3;;;;1
02/08/2013;07:18:00;8;sem vítima;143,15;BR-116/RJ;Sul;Colisão traseira;1;2;;;;;1
02/08/2013;14:05:00;29;sem vítima;96,9;BR-116/RJ;Norte;Abalroamento longitudinal;1;4;;;;;1
02/08/2013;23:26:00;60;com vítima;8,05;BR-116/RJ;Sul;Derrapagem;1;;;1;;;2
07/08/2013;05:00:00;5;com vítima;125,8;BR-116/RJ;Norte;Capotamento;1;;1;;;;1
07/08/2013;09:24:00;13;com vítima;95,1;BR-116/RJ;Norte;Abalroamento longitudinal;2;2;1;;;;1
07/08/2013;23:30:00;46;sem vítima;82,6;BR-116/RJ;Norte;Atropelamento de animal;1;1;;;;;1
09/08/2013;19:11:00;41;sem vítima;76,6;BR-116/RJ;Norte;Abalroamento longitudinal;1;2;;;;;1
12/08/2013;07:25:00;7;sem vítima;19,1;BR-116/RJ;Norte;Derrapagem;1;1;;;;;1
13/08/2013;09:43:00;13;sem vítima;133,5;BR-116/RJ;Sul;Derrapagem;1;4;;;;;1
13/08/2013;19:09:00;48;com vítima;124,1;BR-116/RJ;Norte;Abalroamento longitudinal;1;1;1;;;;1
13/08/2013;20:54:00;52;com vítima;37,8;BR-116/RJ;Sul;Abalroamento longitudinal;1;;4;;;;1
14/08/2013;16:56:00;22;sem vítima;134,55;BR-116/RJ;Norte;Abalroamento longitudinal;1;;;;;;1
14/08/2013;21:08:00;29;sem vítima;132,3;BR-116/RJ;Sul;Abalroamento longitudinal;1;2;;;;;1
15/08/2013;15:08:00;26;com vítima;114,5;BR-116/RJ;Sul;Abalroamento longitudinal;1;;2;;;;1
18/08/2013;19:50:00;45;sem vítima;143,8;BR-116/RJ;Sul;Abalroamento longitudinal;1;2;;;;;1
19/08/2013;23:00:00;44;sem vítima;143,901;BR-116/RJ;Sul;Colisão traseira;1;3;;;;;1
20/08/2013;17:33:00;36;com vítima;143,8;BR-116/RJ;Sul;Abalroamento longitudinal;1;1;3;;;;1
23/08/2013;19:02:00;46;com vítima;127,4;BR-116/RJ;Sul;Abalroamento transversal;1;1;;;;1;3
25/08/2013;22:42:00;68;sem vítima;133,4;BR-116/RJ;Sul;Choque em objeto fixo;1;1;;;;;1
26/08/2013;18:48:00;37;com vítima;65,95;BR-116/RJ;Norte;Abalroamento transversal;1;1;;;2;;2
26/08/2013;20:25:00;44;com vítima;37,2;BR-116/RJ;Sul;Colisão frontal;1;;1;;2;;2
27/08/2013;18:43:00;45;com vítima;142,2;BR-116/RJ;Norte;Atropel. de pedestre atravessando;1;1;;1;;;2
27/08/2013;17:15:00;41;com vítima;60,9;BR-116/RJ;Sul;Capotamento;1;;1;;;;1
27/08/2013;18:24:00;44;com vítima;142,9;BR-116/RJ;Sul;Colisão traseira;1;4;1;;;;1
30/08/2013;11:34:00;10;sem vítima;143,5;BR-116/RJ;Sul;Colisão traseira;1;2;;;;;1
30/08/2013;23:44:00;50;com vítima;80,5;BR-116/RJ;Sul;Colisão frontal;1;3;;;2;;2
01/09/2013;18:04:00;36;sem vítima;86,4;BR-116/RJ;Sul;Queda de carga;1;1;;;;;1
03/09/2013;19:07:00;39;sem vítima;144;BR-116/RJ;Sul;Colisão traseira;1;2;;;;;1
04/09/2013;14:20:00;34;com vítima;5,5;BR-116/RJ;Norte;Derrapagem;1;1;2;;;;1
04/09/2013;06:05:00;5;sem vítima;122,1;BR-116/RJ;Sul;Abalroamento longitudinal;1;2;;;;;1
04/09/2013;18:19:00;51;sem vítima;143,8;BR-116/RJ;Sul;Abalroamento longitudinal;1;6;;;;;1
05/09/2013;21:05:00;47;com vítima;17,9;BR-116/RJ;Sul;Queda de carga;1;;;1;;;2
05/09/2013;12:17:00;27;sem vítima;80,2;BR-116/RJ;Norte;Abalroamento transversal;1;2;;;;;1
06/09/2013;13:22:00;30;sem vítima;125,55;BR-116/RJ;Sul;Capotamento;1;1;;;;;1
06/09/2013;05:28:00;5;com vítima;138,35;BR-116/RJ;Norte;Colisão traseira;1;1;1;;;;1
06/09/2013;13:50:00;31;com vítima;143,7;BR-116/RJ;Norte;Abalroamento longitudinal;1;1;1;;;;1
07/09/2013;16:36:00;34;sem vítima;131,95;BR-116/RJ;Sul;Abalroamento longitudinal;1;2;;;;;1
09/09/2013;08:00:00;21;com vítima;143;BR-116/RJ;Sul;Colisão traseira;1;27;1;1;;;2
10/09/2013;07:47:00;9;com vítima;13;BR-116/RJ;Norte;Choque em objeto fixo;1;;1;;;;1
11/09/2013;23:02:00;50;com vítima;108,3;BR-116/RJ;Norte;Abalroamento longitudinal;1;1;;2;;;2
12/09/2013;19:00:00;25;com vítima;31,25;BR-116/RJ;Sul;Capotamento;1;;;1;;;2
13/09/2013;15:48:00;29;sem vítima;138,4;BR-116/RJ;Norte;Abalroamento longitudinal;1;2;;;;;1
13/09/2013;15:50:00;37;sem vítima;138,45;BR-116/RJ;Norte;Colisão traseira;1;2;;;;;1
17/09/2013;09:10:00;16;com vítima;64,98;BR-116/RJ;Sul;Abalroamento longitudinal;1;1;1;1;;;2
18/09/2013;14:00:00;29;com vítima;137;BR-116/RJ;Sul;Colisão traseira;1;1;1;;;;1
20/09/2013;07:51:00;10;com vítima;139,9;BR-116/RJ;Sul;Colisão traseira;2;1;3;;;;1
20/09/2013;08:13:00;11;sem vítima;141,9;BR-116/RJ;Sul;Colisão traseira;1;3;;;;;1
24/09/2013;10:58:00;19;com vítima;111,8;BR-116/RJ;Norte;Choque em veículo parado na pista;2;1;1;;;;1
24/09/2013;06:18:00;5;com vítima;137,65;BR-116/RJ;Norte;Choque em objeto fixo;1;;1;;;;1
24/09/2013;22:20:00;53;com vítima;139,9;BR-116/RJ;Sul;Colisão traseira;1;3;;1;;;2
24/09/2013;18:17:00;46;com vítima;143,1;BR-116/RJ;Sul;Colisão traseira;1;1;1;;;;1
26/09/2013;20:15:00;47;com vítima;91,1;BR-116/RJ;Sul;Abalroamento longitudinal;2;2;1;1;;;2
27/09/2013;14:10:00;31;sem vítima;125,2;BR-116/RJ;Norte;Abalroamento longitudinal;1;2;;;;;1
28/09/2013;10:24:00;14;com vítima;121,8;BR-116/RJ;Norte;Atropel. de pedestre atravessando;1;1;;;1;;2
30/09/2013;06:55:00;6;sem vítima;134,5;BR-116/RJ;Sul;Abalroamento longitudinal;1;2;;;;;1
30/09/2013;15:16:00;30;sem vítima;142,9;BR-116/RJ;Sul;Colisão traseira;1;3;;;;;1
01/10/2013;16:38:00;40;sem vítima;143,7;BR-116/RJ;Sul;Abalroamento longitudinal;2;3;;;;;1
03/10/2013;11:38:00;24;sem vítima;25,8;BR-116/RJ;Sul;Queda de carga;1;1;;;;;1
04/10/2013;09:26:00;16;sem vítima;90,5;BR-116/RJ;Norte;Abalroamento longitudinal;2;2;;;;;1
04/10/2013;14:18:00;40;com vítima;93,5;BR-116/RJ;Sul;Colisão traseira;2;6;1;;;;1
05/10/2013;08:38:00;11;sem vítima;89;BR-116/RJ;Sul;Colisão traseira;1;27;;;;;1
05/10/2013;06:24:00;7;sem vítima;126,85;BR-116/RJ;Sul;Choque em objeto fixo;1;2;;;;;1
06/10/2013;18:15:00;39;sem vítima;138,9;BR-116/RJ;Sul;Abalroamento longitudinal;1;4;;;;;1
08/10/2013;11:57:00;12;com vítima;77,4;BR-116/RJ;Sul;Colisão frontal;1;1;2;;;;1
08/10/2013;01:09:00;1;sem vítima;111,95;BR-116/RJ;Sul;Atropelamento de animal;1;1;;;;;1
08/10/2013;06:22:00;2;sem vítima;137,9;BR-116/RJ;Sul;Colisão traseira;1;2;;;;;1
10/10/2013;15:58:00;44;sem vítima;94,05;BR-116/RJ;Norte;Abalroamento longitudinal;1;6;;;;;1
10/10/2013;08:20:00;18;sem vítima;143,1;BR-116/RJ;Sul;Colisão traseira;1;2;;;;;1
11/10/2013;19:15:00;44;sem vítima;98,95;BR-116/RJ;Norte;Colisão traseira;1;11;;;;;1
11/10/2013;14:50:00;33;com vítima;99,4;BR-116/RJ;Sul;Capotamento;1;;;1;;;2
11/10/2013;07:08:00;8;sem vítima;143,05;BR-116/RJ;Sul;Colisão traseira;1;63;;;;;1
12/10/2013;14:31:00;42;com vítima;93,4;BR-116/RJ;Sul;Colisão traseira;1;;5;;;;1
14/10/2013;00:53:00;1;sem vítima;133,5;BR-116/RJ;Sul;Colisão traseira;1;40;;;;;1
15/10/2013;15:15:00;31;sem vítima;133,5;BR-116/RJ;Norte;Choque em objeto fixo;2;2;;;;;1
16/10/2013;13:11:00;35;sem vítima;127;BR-116/RJ;Norte;Abalroamento longitudinal;1;4;;;;;1
16/10/2013;17:52:00;56;sem vítima;143,3;BR-116/RJ;Sul;Colisão traseira;1;3;;;;;1
17/10/2013;14:03:00;35;sem vítima;29,75;BR-116/RJ;Norte;Colisão traseira;1;3;;;;;1
18/10/2013;16:05:00;35;sem vítima;14,3;BR-116/RJ;Norte;Derrapagem;1;1;;;;;1
18/10/2013;14:30:00;28;com vítima;17,8;BR-116/RJ;Norte;Colisão frontal;1;;;2;;;2
18/10/2013;14:40:00;27;com vítima;94,7;BR-116/RJ;Sul;Abalroamento longitudinal;1;2;1;;;;1
18/10/2013;11:00:00;18;sem vítima;110,5;BR-116/RJ;Norte;Colisão traseira;1;2;;;;;1
22/10/2013;07:32:00;14;sem vítima;143,8;BR-116/RJ;Sul;Colisão traseira;1;2;;;;;1
24/10/2013;15:58:00;49;sem vítima;32,7;BR-116/RJ;Norte;Derrapagem;1;2;;;;;1
28/10/2013;11:27:00;22;sem vítima;91;BR-116/RJ;Sul;Colisão traseira;2;3;;;;;1
29/10/2013;10:48:00;19;com vítima;6,3;BR-116/RJ;Norte;Colisão frontal;1;1;;2;1;1;3
30/10/2013;15:09:00;25;com vítima;;BR-116/RJ;Sul;Colisão traseira;2;;2;;1;;2
31/10/2013;16:59:00;33;com vítima;26,2;BR-116/RJ;Norte;Abalroamento transversal;1;;2;;;2;3
31/10/2013;19:47:00;41;sem vítima;74,3;BR-116/RJ;Norte;Abalroamento longitudinal;1;2;;;;;1
01/11/2013;16:32:00;41;sem vítima;97,99;BR-116/RJ;Norte;Abalroamento longitudinal;1;2;;;;;1
01/11/2013;17:41:00;49;com vítima;97,99;BR-116/RJ;Norte;Abalroamento longitudinal;1;1;1;;;;1
01/11/2013;01:17:00;1;com vítima;99,05;BR-116/RJ;Sul;Choque em objeto fixo;1;;1;;;;1
03/11/2013;19:08:00;52;com vítima;26,8;BR-116/RJ;Norte;Capotamento;1;;1;;;;1
04/11/2013;21:55:00;62;sem vítima;119,05;BR-116/RJ;Norte;Colisão traseira;1;2;;;;;1
04/11/2013;16:00:00;44;sem vítima;125,5;BR-116/RJ;Norte;Abalroamento longitudinal;1;2;;;;;1
06/11/2013;20:55:00;41;sem vítima;138,5;BR-116/RJ;Sul;Abalroamento longitudinal;1;2;;;;;1
06/11/2013;11:55:00;14;sem vítima;143,1;BR-116/RJ;Sul;Colisão traseira;1;2;;;;;1
07/11/2013;12:40:00;29;sem vítima;133,5;BR-116/RJ;Sul;Colisão traseira;2;7;;;;;1
11/11/2013;13:53:00;31;com vítima;143;BR-116/RJ;Norte;Abalroamento longitudinal;1;1;1;;;;1
11/11/2013;14:33:00;37;sem vítima;143;BR-116/RJ;Sul;Colisão traseira;1;0;;;;;1
11/11/2013;16:25:00;49;sem vítima;143,1;BR-116/RJ;Sul;Abalroamento longitudinal;1;2;;;;;1
12/11/2013;07:05:00;3;sem vítima;37,8;BR-116/RJ;Sul;Queda de carga;1;1;;;;;1
12/11/2013;15:45:00;38;sem vítima;38;BR-116/RJ;Sul;Colisão traseira;2;2;;;;;1
13/11/2013;05:21:00;7;sem vítima;94,1;BR-116/RJ;Sul;Derrapagem;1;1;;;;;1
13/11/2013;18:15:00;57;com vítima;123,1;BR-116/RJ;Norte;Colisão traseira;1;2;;1;;;2
13/11/2013;08:10:00;14;sem vítima;131,2;BR-116/RJ;Sul;Abalroamento longitudinal;1;2;;;;;1
14/11/2013;12:12:00;22;com vítima;125,4;BR-116/RJ;Norte;Capotamento;1;;1;;;;1
17/11/2013;00:35:00;2;com vítima;26,6;BR-116/RJ;Norte;Capotamento;1;;;1;;;2
18/11/2013;14:54:00;32;sem vítima;122;BR-116/RJ;Sul;Colisão traseira;1;3;;;;;1
19/11/2013;23:15:00;60;com vítima;18,8;BR-116/RJ;Sul;Colisão frontal;2;;1;2;;;2
21/11/2013;17:01:00;40;sem vítima;103;BR-116/RJ;Sul;Abalroamento longitudinal;1;2;;;;;1
22/11/2013;18:07:00;34;com vítima;59,8;BR-116/RJ;Sul;Abalroamento longitudinal;1;;2;;;1;3
22/11/2013;16:10:00;27;com vítima;106,7;BR-116/RJ;Sul;Abalroamento longitudinal;2;2;1;;;;1
22/11/2013;08:10:00;6;sem vítima;114,9;BR-116/RJ;Sul;Abalroamento longitudinal;1;2;;;;;1
22/11/2013;05:54:00;2;sem vítima;133,5;BR-116/RJ;Norte;Abalroamento longitudinal;1;2;;;;;1
23/11/2013;13:42:00;30;sem vítima;105,5;BR-116/RJ;Norte;Colisão traseira;1;2;;;;;1
23/11/2013;15:57:00;33;sem vítima;127,2;BR-116/RJ;Norte;Abalroamento longitudinal;2;7;;;;;1
25/11/2013;13:20:00;35;com vítima;54;BR-116/RJ;Sul;Colisão frontal;1;1;;;1;;2
27/11/2013;18:01:00;47;com vítima;99,4;BR-116/RJ;Sul;Capotamento;1;;;1;;;2
27/11/2013;20:54:00;56;sem vítima;143,8;BR-116/RJ;Norte;Abalroamento longitudinal;1;2;;;;;1
28/11/2013;13:58:00;29;com vítima;85,9;BR-116/RJ;Norte;Colisão traseira;2;3;2;1;;;2
29/11/2013;18:25:00;58;sem vítima;73,15;BR-116/RJ;Norte;Abalroamento longitudinal;3;3;;;;;1
29/11/2013;09:02:00;13;sem vítima;143,65;BR-116/RJ;Norte;Queda de carga;1;1;;;;;1
30/11/2013;14:38:00;41;com vítima;29,6;BR-116/RJ;Norte;Colisão traseira;1;2;1;;;;1
01/12/2013;14:45:00;24;com vítima;81,05;BR-116/RJ;Sul;Colisão traseira;1;3;1;;;;1
02/12/2013;01:03:00;3;com vítima;63,8;BR-116/RJ;Sul;Abalroamento longitudinal;1;1;;1;;;2
02/12/2013;10:33:00;27;sem vítima;143;BR-116/RJ;Sul;Abalroamento longitudinal;1;2;;;;;1
02/12/2013;04:48:00;9;sem vítima;144;BR-116/RJ;Sul;Choque em barreira New Jersey ;1;1;;;;;1
05/12/2013;20:49:00;63;sem vítima;104,2;BR-116/RJ;Norte;Colisão traseira;1;2;;;;;1
05/12/2013;09:25:00;12;sem vítima;133,5;BR-116/RJ;Norte;Abalroamento longitudinal;1;2;;;;;1
08/12/2013;09:25:00;16;com vítima;130;BR-116/RJ;Sul;Colisão traseira;1;1;1;;;;1
08/12/2013;15:15:00;28;sem vítima;133,8;BR-116/RJ;Norte;Abalroamento longitudinal;1;27;;;;;1
09/12/2013;16:47:00;41;sem vítima;93,6;BR-116/RJ;Norte;Colisão traseira;1;2;;;;;1
09/12/2013;14:45:00;29;com vítima;116,95;BR-116/RJ;Sul;Colisão traseira;1;;1;;;1;3
09/12/2013;19:13:00;50;sem vítima;142,5;BR-116/RJ;Sul;Abalroamento longitudinal;1;2;;;;;1
09/12/2013;15:58:00;36;com vítima;143,2;BR-116/RJ;Sul;Colisão traseira;2;;4;;;;1
10/12/2013;18:32:00;55;com vítima;128,45;BR-116/RJ;Norte;Capotamento;1;;;;;1;3
10/12/2013;19:53:00;57;sem vítima;129,8;BR-116/RJ;Norte;Abalroamento longitudinal;1;2;;;;;1
10/12/2013;08:00:00;10;sem vítima;143,8;BR-116/RJ;Sul;Abalroamento longitudinal;1;2;;;;;1
12/12/2013;07:25:00;7;sem vítima;37,2;BR-116/RJ;Sul;Colisão traseira;1;2;;;;;1
12/12/2013;04:01:00;1;com vítima;126;BR-116/RJ;Sul;Colisão frontal;1;3;;1;;;2
16/12/2013;09:32:00;21;sem vítima;97,3;BR-116/RJ;Norte;Colisão traseira;1;2;;;;;1
17/12/2013;15:15:00;36;sem vítima;96,2;BR-116/RJ;Norte;Abalroamento longitudinal;2;2;;;;;1
18/12/2013;20:12:00;51;com vítima;0,841666666666666;BR-116/RJ;Norte;Colisão traseira;1;69;2;;;;1
18/12/2013;17:45:00;43;sem vítima;93,3;BR-116/RJ;Sul;Choque em objeto fixo;1;1;;;;;1
18/12/2013;19:25:00;49;sem vítima;143,6;BR-116/RJ;Sul;Abalroamento longitudinal;1;6;;;;;1
18/12/2013;14:30:00;35;sem vítima;143,9;BR-116/RJ;Sul;Abalroamento longitudinal;1;2;;;;;1
19/12/2013;15:55:00;44;com vítima;63,3;BR-116/RJ;Norte;Capotamento;1;;1;;;;1
19/12/2013;23:45:00;60;com vítima;75,1;BR-116/RJ;Norte;Abalroamento longitudinal;1;1;;1;;;2
19/12/2013;10:04:00;19;sem vítima;93,5;BR-116/RJ;Sul;Colisão traseira;2;2;;;;;1
19/12/2013;13:11:00;26;sem vítima;99,3;BR-116/RJ;Sul;Abalroamento longitudinal;1;17;;;;;1
19/12/2013;13:30:00;34;com vítima;125,2;BR-116/RJ;Norte;Colisão traseira;1;1;1;;;;1
20/12/2013;16:45:00;32;com vítima;76,4;BR-116/RJ;Norte;Colisão frontal;1;1;1;;;1;3
20/12/2013;17:14:00;34;com vítima;143,9;BR-116/RJ;Norte;Abalroamento longitudinal;1;1;;;;1;3
22/12/2013;12:20:00;22;sem vítima;130,6;BR-116/RJ;Norte;Colisão traseira;1;2;;;;;1
23/12/2013;06:00:00;11;sem vítima;122,1;BR-116/RJ;Sul;Colisão traseira;1;13;;;;;1
24/12/2013;15:14:00;27;com vítima;138,15;BR-116/RJ;Norte;Colisão traseira;1;1;;1;;;2
27/12/2013;14:32:00;34;com vítima;26,3;BR-116/RJ;Norte;Capotamento;1;;1;;;;1
27/12/2013;06:55:00;7;sem vítima;71,9;BR-116/RJ;Norte;Queda de carga;1;1;;;;;1
28/12/2013;11:30:00;18;sem vítima;122;BR-116/RJ;Sul;Colisão traseira;2;2;;;;;1
30/12/2013;17:18:00;42;sem vítima;135;BR-116/RJ;Norte;Abalroamento longitudinal;1;2;;;;;1
31/12/2013;08:38:00;10;sem vítima;39,8;BR-116/RJ;Norte;Derrapagem;1;2;;;;;1
03/01/2014;08:56:00;10;sem vítima;7,2;BR-116/RJ;Norte;Choque em objeto fixo;1;1;;;;;1
04/01/2014;13:35:00;28;com vítima;57;BR-116/RJ;Norte;Colisão frontal;1;1;1;3;;;2
07/01/2014;12:23:00;21;sem vítima;133,5;BR-116/RJ;Norte;Colisão traseira;1;2;;;;;1
10/01/2014;18:08:00;50;com vítima;53;BR-116/RJ;Sul;Choque em objeto fixo;1;;;2;;;2
13/01/2014;14:45:00;31;com vítima;96,1;BR-116/RJ;Norte;Abalroamento longitudinal;1;1;2;;;;1
16/01/2014;14:50:00;33;sem vítima;101,3;BR-116/RJ;Norte;Choque em defensa;1;2;;;;;1
16/01/2014;17:35:00;43;sem vítima;143,8;BR-116/RJ;Norte;Abalroamento longitudinal;1;2;;;;;1
17/01/2014;12:04:00;13;com vítima;129,2;BR-116/RJ;Sul;Derrapagem;1;1;;1;;;2
18/01/2014;18:50:00;56;sem vítima;122,3;BR-116/RJ;Norte;Colisão traseira;1;2;;;;;1
20/01/2014;21:20:00;74;sem vítima;137,4;BR-116/RJ;Sul;Abalroamento longitudinal;1;2;;;;;1
22/01/2014;14:35:00;34;sem vítima;37;BR-116/RJ;Norte;Queda de carga;1;1;;;;;1
22/01/2014;21:39:00;54;sem vítima;130,8;BR-116/RJ;Norte;Abalroamento longitudinal;1;2;;;;;1
24/01/2014;17:28:00;40;sem vítima;142,95;BR-116/RJ;Sul;Colisão traseira;2;9;;;;;1
24/01/2014;20:20:00;55;com vítima;141,95;BR-116/RJ;Sul;Abalroamento longitudinal;1;6;1;;;;1
25/01/2014;16:28:00;42;sem vítima;121,5;BR-116/RJ;Norte;Abalroamento longitudinal;1;3;;;;;1
26/11/2014;07:34:00;9;com vítima;73,4;BR-116/RJ;Sul;Abalroamento Longitudinal;1;1;1;;;;1
27/01/2014;21:04:00;42;com vítima;29,1;BR-116/RJ;Norte;Derrapagem;1;2;1;;;;1
28/01/2014;06:34:00;4;sem vítima;144;BR-116/RJ;Norte;Colisão traseira;1;3;;;;;1
29/01/2014;18:31:00;51;com vítima;80,8;BR-116/RJ;Norte;Abalroamento longitudinal;1;1;;1;;;2
29/01/2014;22:26:00;61;sem vítima;103,7;BR-116/RJ;Sul;Colisão traseira;2;2;;;;;1
30/01/2014;01:20:00;1;com vítima;125,6;BR-116/RJ;Sul;Choque em objeto fixo;1;;;1;;;2
31/01/2014;13:54:00;29;com vítima;82;BR-116/RJ;Sul;Abalroamento longitudinal;1;2;;1;;;2
03/02/2014;05:58:00;5;com vítima;29,05;BR-116/RJ;Norte;Capotamento;1;;3;;;;1
05/02/2014;04:05:00;5;com vítima;65,05;BR-116/RJ;Sul;Choque em objeto fixo;1;1;1;;;;1
05/02/2014;04:30:00;6;sem vítima;96,5;BR-116/RJ;Sul;Choque em objeto fixo;1;3;;;;;1
06/02/2014;18:20:00;59;com vítima;138,2;BR-116/RJ;Sul;Atropel. de pedestre atravessando;1;1;;;;1;3
07/02/2014;20:08:00;67;com vítima;77,6;BR-116/RJ;Norte;Abalroamento longitudinal;1;1;;1;;;2
07/02/2014;12:39:00;26;sem vítima;131,9;BR-116/RJ;Norte;Colisão traseira;1;2;;;;;1
08/02/2014;18:46:00;62;sem vítima;141,7;BR-116/RJ;Norte;Choque em defensa;1;1;;;;;1
09/02/2014;22:35:00;67;com vítima;15,6;BR-116/RJ;Sul;Colisão traseira;1;1;1;;;;1
09/02/2014;13:08:00;20;com vítima;97,2;BR-116/RJ;Sul;Colisão traseira;1;6;1;;;;1
09/02/2014;07:09:00;6;com vítima;124,25;BR-116/RJ;Norte;Derrapagem;1;1;;;2;;2
11/02/2014;05:19:00;4;com vítima;50,8;BR-116/RJ;Sul;Derrapagem;1;;;3;;;2
12/02/2014;17:15:00;39;com vítima;126,5;BR-116/RJ;Sul;Derrapagem;1;;1;;;;1
12/02/2014;09:50:00;15;com vítima;131,9;BR-116/RJ;Norte;Abalroamento longitudinal;1;1;2;;;;1
13/02/2014;13:33:00;19;com vítima;43,4;BR-116/RJ;Norte;Abalroamento longitudinal;2;2;;;2;1;3
13/02/2014;13:18:00;17;com vítima;77,95;BR-116/RJ;Norte;Colisão traseira;1;;2;;;;1
13/02/2014;13:29:00;18;sem vítima;125,8;BR-116/RJ;Sul;Abalroamento longitudinal;1;2;;;;;1
14/02/2014;00:08:00;1;sem vítima;2;BR-116/RJ;Sul;Abalroamento longitudinal;1;2;;;;;1
14/02/2014;23:09:00;59;com vítima;76,5;BR-116/RJ;Sul;Colisão traseira;1;;1;1;;;2
14/02/2014;14:10:00;31;sem vítima;143,7;BR-116/RJ;Norte;Abalroamento longitudinal;1;2;;;;;1
15/02/2014;07:47:00;11;com vítima;6,3;BR-116/RJ;Sul;Colisão frontal;1;1;;;2;;2
15/02/2014;04:10:00;5;com vítima;13,4;BR-116/RJ;Norte;Queda de carga;1;;1;;;;1
15/02/2014;19:48:00;49;com vítima;135,4;BR-116/RJ;Sul;Choque em objeto fixo;1;2;;2;;;2
16/02/2014;18:20:00;53;sem vítima;125,7;BR-116/RJ;Sul;Choque em objeto fixo;1;5;;;;;1
18/02/2014;22:47:00;39;com vítima;29,2;BR-116/RJ;Norte;Choque em objeto fixo;1;;;1;;;2
18/02/2014;20:09:00;35;com vítima;48,5;BR-116/RJ;Norte;Atropel. de pedestre atravessando;1;1;;;1;;2
21/02/2014;17:01:00;40;com vítima;137;BR-116/RJ;Sul;Abalroamento transversal;1;1;;1;;;2
22/02/2014;15:07:00;35;com vítima;6,3;BR-116/RJ;Sul;Abalroamento longitudinal;1;;2;;;;1
22/02/2014;17:06:00;40;sem vítima;140,5;BR-116/RJ;Sul;Colisão traseira;1;3;;;;;1
24/02/2014;13:21:00;30;sem vítima;126,4;BR-116/RJ;Norte;Queda de carga;1;1;;;;;1
27/02/2014;14:05:00;32;sem vítima;98,8;BR-116/RJ;Norte;Abalroamento longitudinal;2;4;;;;;1
28/02/2014;17:39:00;66;sem vítima;125,4;BR-116/RJ;Norte;Choque em barreira New Jersey ;1;1;;;;;1
28/02/2014;16:08:00;56;sem vítima;126,9;BR-116/RJ;Sul;Choque em veículo parado na pista;2;2;;;;;1
05/03/2014;18:20:00;59;sem vítima;94;BR-116/RJ;Norte;Abalroamento longitudinal;2;2;;;;;1
08/03/2014;02:31:00;5;sem vítima;87,1;BR-116/RJ;Sul;Colisão traseira;2;2;;;;;1
08/03/2014;09:28:00;15;sem vítima;114,5;BR-116/RJ;Sul;Choque em objeto fixo;1;1;;;;;1
10/03/2014;09:32:00;16;sem vítima;129,5;BR-116/RJ;Sul;Choque em defensa;1;1;;;;;1
10/03/2014;22:03:00;53;com vítima;135,75;BR-116/RJ;Norte;Choque em defensa;1;;1;;;;1
11/03/2014;11:01:00;21;com vítima;94,7;BR-116/RJ;Sul;Derrapagem;1;;;2;;1;3
14/03/2014;18:02:00;33;com vítima;123,1;BR-116/RJ;Norte;Colisão traseira;1;1;1;;;;1
17/03/2014;10:10:00;20;com vítima;86,4;BR-116/RJ;Sul;Queda de carga;1;;1;;;;1