data;horario;n_da_ocorrencia;tipo_de_ocorrencia;km;trecho;sentido;tipo_de_acidente;caminhao;ilesos;levemente_feridos;moderadamente_feridos;gravemente_feridos;mortos;3
18/03/2014;11:25:00;18;com vítima;38,5;BR-116/RJ;Norte;Colisão frontal;1;1;;;1;;2
19/03/2014;10:18:00;17;sem vítima;74,8;BR-116/RJ;Norte;Abalroamento longitudinal;2;2;;;;;1
20/03/2014;09:15:00;10;com vítima;138,95;BR-116/RJ;Norte;Abalroamento longitudinal;2;1;;;1;;2
20/03/2014;09:30:00;11;sem vítima;138,95;BR-116/RJ;Norte;Abalroamento longitudinal;1;2;;;;;1
21/03/2014;17:22:00;44;sem vítima;135,8;BR-116/RJ;Sul;Choque em objeto fixo;1;1;;;;;1
21/03/2014;16:35:00;42;sem vítima;136,45;BR-116/RJ;Sul;Choque em objeto fixo;1;1;;;;;1
22/03/2014;10:10:00;14;sem vítima;84,9;BR-116/RJ;Sul;Abalroamento longitudinal;1;2;;;;;1
22/03/2014;17:45:00;39;sem vítima;133,5;BR-116/RJ;Norte;Colisão traseira;2;2;;;;;1
23/03/2014;09:06:00;19;com vítima;125,3;BR-116/RJ;Norte;Choque em objeto fixo;1;;1;;;;1
25/03/2014;11:46:00;18;com vítima;40,2;BR-116/RJ;Norte;Abalroamento longitudinal;1;2;1;;;;1
26/03/2014;16:15:00;27;com vítima;108,15;BR-116/RJ;Norte;Colisão traseira;1;1;;1;;1;3
27/03/2014;17:55:00;35;sem vítima;128,1;BR-116/RJ;Sul;Derrapagem;1;1;;;;;1
27/03/2014;18:12:00;37;com vítima;142,5;BR-116/RJ;Sul;Colisão traseira;1;1;;1;;;2
27/03/2014;20:10:00;32;sem vítima;143,7;BR-116/RJ;Sul;Colisão traseira;2;2;;;;;1
28/03/2014;07:50:00;7;com vítima;99,4;BR-116/RJ;Sul;Colisão traseira;1;4;1;;;;1
28/03/2014;22:03:00;51;com vítima;99,6;BR-116/RJ;Sul;Colisão traseira;1;4;1;;;;1
28/03/2014;16:53:00;31;sem vítima;103,7;BR-116/RJ;Sul;Derrapagem;1;3;;;;;1
28/03/2014;08:00:00;10;sem vítima;133,5;BR-116/RJ;Norte;Abalroamento longitudinal;1;2;;;;;1
01/04/2014;10:16:00;19;com vítima;122,4;BR-116/RJ;Sul;Capotamento;1;;1;;;;1
01/04/2014;12:40:00;29;com vítima;137,6;BR-116/RJ;Sul;Colisão traseira;1;2;1;;;;1
04/04/2014;10:10:00;13;com vítima;95,1;BR-116/RJ;Norte;Colisão Frontal;1;;3;;;;1
04/04/2014;19:42:00;46;sem vítima;137,1;BR-116/RJ;Sul;Choque em objeto fixo;1;1;;;;;1
04/04/2014;20:52:00;54;sem vítima;137,1;BR-116/RJ;Sul;Colisão traseira;1;2;;;;;1
04/04/2014;11:20:00;20;sem vítima;141,7;BR-116/RJ;Norte;Capotamento;1;2;;;;;1
04/04/2014;18:05:00;39;sem vítima;143,95;BR-116/RJ;Sul;Abalroamento longitudinal;1;2;;;;;1
04/04/2014;17:06:00;33;com vítima;144;BR-116/RJ;Sul;Capotamento;1;;1;;;;1
04/04/2014;20:30:00;50;sem vítima;144;BR-116/RJ;Sul;Colisão traseira;2;3;;;;;1
06/04/2014;07:58:00;20;com vítima;139,1;BR-116/RJ;Norte;Abalroamento longitudinal;1;1;1;;;;1
08/04/2014;14:52:00;27;sem vítima;109,65;BR-116/RJ;Sul;Derrapagem;1;1;;;;;1
09/04/2014;08:50:00;9;com vítima;109,65;BR-116/RJ;Sul;Choque em objeto fixo;1;2;;1;;;2
10/04/2014;23:14:00;46;sem vítima;89,5;BR-116/RJ;Sul;Colisão traseira;1;3;;;;;1
10/04/2014;10:00:00;14;sem vítima;129,85;BR-116/RJ;Sul;Colisão traseira;1;2;;;;;1
10/04/2014;09:16:00;11;com vítima;139,9;BR-116/RJ;Norte;Colisão traseira;1;;4;;;;1
13/04/2014;17:40:00;40;com vítima;143,5;BR-116/RJ;Sul;Colisão traseira;1;3;4;;;;1
14/04/2014;07:08:00;7;com vítima;61,95;BR-116/RJ;Norte;Derrapagem;1;;1;;;;1
14/04/2014;17:35:00;45;com vítima;65,5;BR-116/RJ;Norte;Colisão frontal;1;;;1;1;;2
17/04/2014;23:02:00;67;com vítima;96,95;BR-116/RJ;Norte;Abalroamento longitudinal;1;3;;1;;;2
25/04/2014;22:27:00;42;sem vítima;40,4;BR-116/RJ;Sul;Colisão traseira;1;6;;;;;1
25/04/2014;16:40:00;26;com vítima;78,3;BR-116/RJ;Norte;Abalroamento transversal;1;1;;;1;;2
25/04/2014;15:54:00;24;com vítima;108,9;BR-116/RJ;Norte;Capotamento;1;1;2;;;;1
26/04/2014;06:52:00;7;com vítima;104,1;BR-116/RJ;Norte;Abalroamento transversal;1;2;;3;;;2
26/04/2014;10:54:00;15;com vítima;124;BR-116/RJ;Norte;Queda de moto;1;1;;1;;;2
02/05/2014;11:14:00;16;com vítima;104,8;BR-116/RJ;Sul;Colisão traseira;1;1;1;;;;1
02/05/2014;17:48:00;28;sem vítima;122;BR-116/RJ;Norte;Colisão traseira;2;2;;;;;1
03/05/2014;06:29:00;6;sem vítima;137,4;BR-116/RJ;Norte;Colisão traseira;1;2;;;;;1
04/05/2014;11:05:00;12;sem vítima;96,4;BR-116/RJ;Norte;Choque em objeto fixo;1;3;;;;;1
05/05/2014;04:05:00;4;com vítima;66,7;BR-116/RJ;Norte;Abalroamento longitudinal;1;3;;1;;;2
06/05/2014;16:18:00;23;sem vítima;118;BR-116/RJ;Norte;Queda de carga;1;1;;;;;1
06/05/2014;15:45:00;21;sem vítima;140,75;BR-116/RJ;Sul;Queda de carga;1;1;;;;;1
07/05/2014;07:57:00;7;sem vítima;144;BR-116/RJ;Sul;Abalroamento longitudinal;2;2;;;;;1
09/05/2014;21:28:00;57;sem vítima;28,9;BR-116/RJ;Norte;Colisão traseira;2;2;;;;;1
10/05/2014;11:53:00;15;com vítima;6,3;BR-116/RJ;Sul;Abalroamento longitudinal;1;;3;;;;1
10/05/2014;00:25:00;1;com vítima;101,2;BR-116/RJ;Sul;Derrapagem;1;;1;;;;1
11/05/2014;02:03:00;5;sem vítima;133,5;BR-116/RJ;Sul;Choque em objeto fixo;1;1;;;;;1
12/05/2014;18:53:00;59;com vítima;29,9;BR-116/RJ;Sul;Capotamento;1;;1;;;;1
12/05/2014;05:04:00;7;sem vítima;139,7;BR-116/RJ;Sul;Colisão traseira;1;10;;;;;1
12/05/2014;04:54:00;6;com vítima;140,15;BR-116/RJ;Sul;Choque em objeto fixo;1;;1;;;;1
12/05/2014;19:29:00;61;sem vítima;143,9;BR-116/RJ;Sul;Colisão traseira;1;2;;;;;1
14/05/2014;07:19:00;3;com vítima;17,9;BR-116/RJ;Sul;Derrapagem;1;;;1;;;2
14/05/2014;13:00:00;27;sem vítima;127,1;BR-116/RJ;Norte;Abalroamento transversal;1;2;;;;;1
14/05/2014;10:58:00;16;sem vítima;143,8;BR-116/RJ;Sul;Abalroamento longitudinal;1;2;;;;;1
16/05/2014;08:26:00;9;com vítima;122,1;BR-116/RJ;Sul;Colisão traseira;1;;4;;;;1
16/05/2014;12:03:00;23;sem vítima;137,2;BR-116/RJ;Sul;Abalroamento longitudinal;2;2;;;;;1
16/05/2014;10:49:00;20;com vítima;141,82;BR-116/RJ;Norte;Derrapagem;1;;1;;;;1
18/05/2014;09:34:00;6;com vítima;25,9;BR-116/RJ;Norte;Queda de moto;1;1;;;;2;3
18/05/2014;22:42:00;53;com vítima;93,1;BR-116/RJ;Sul;Capotamento;1;;1;;;;1
20/05/2014;06:19:00;6;com vítima;74,55;BR-116/RJ;Sul;Abalroamento longitudinal;1;1;;1;;;2
20/05/2014;00:31:00;1;com vítima;99,35;BR-116/RJ;Sul;Choque em objeto fixo;1;;2;;;;1
27/05/2014;11:55:00;23;sem vítima;122,5;BR-116/RJ;Norte;Colisão traseira;1;9;;;;;1
28/05/2014;04:15:00;5;com vítima;78,7;BR-116/RJ;Sul;Abalroamento longitudinal;1;1;2;;;;1
28/05/2014;13:21:00;25;com vítima;113,7;BR-116/RJ;Sul;Abalroamento longitudinal;2;1;1;;;;1
28/05/2014;09:38:00;14;sem vítima;125,5;BR-116/RJ;Norte;Choque em objeto fixo;1;1;;;;;1
28/05/2014;10:25:00;17;sem vítima;133,5;BR-116/RJ;Sul;Colisão traseira;2;2;;;;;1
29/05/2014;07:48:00;11;sem vítima;142,6;BR-116/RJ;Sul;Colisão traseira;1;2;;;;;1
30/05/2014;12:05:00;23;sem vítima;131,05;BR-116/RJ;Sul;Colisão traseira;1;5;;;;;1
02/06/2014;06:00:00;6;sem vítima;40,5;BR-116/RJ;Norte;Derrapagem;1;1;;;;;1
02/06/2014;00:00:00;22;sem vítima;133,5;BR-116/RJ;Norte;Abalroamento longitudinal;1;2;;;;;1
03/06/2014;09:22:00;13;com vítima;29,1;BR-116/RJ;Norte;Derrapagem;1;;;;;1;3
03/06/2014;06:14:00;8;sem vítima;138,4;BR-116/RJ;Sul;Colisão traseira;1;2;;;;;1
05/06/2014;14:17:00;32;sem vítima;104,85;BR-116/RJ;Sul;Abalroamento transversal;1;2;;;;;1
05/06/2014;10:45:00;23;sem vítima;131,95;BR-116/RJ;Norte;Abalroamento longitudinal;1;2;;;;;1
06/06/2014;16:40:00;30;com vítima;65,1;BR-116/RJ;Sul;Derrapagem;1;;2;;;;1
06/06/2014;04:48:00;2;sem vítima;133,5;BR-116/RJ;Sul;Colisão traseira;1;7;;;;;1
07/06/2014;17:46:00;50;com vítima;72,5;BR-116/RJ;Norte;Colisão traseira;1;2;;1;;;2
10/06/2014;23:49:00;54;sem vítima;7,5;BR-116/RJ;Norte;Choque em objeto fixo;1;1;;;;;1
10/06/2014;13:47:00;30;com vítima;47,6;BR-116/RJ;Sul;Capotamento;1;;1;;;;1
10/06/2014;17:30:00;40;sem vítima;122;BR-116/RJ;Sul;Colisão traseira;1;2;;;;;1
10/06/2014;13:25:00;29;sem vítima;125,3;BR-116/RJ;Sul;Derrapagem;1;1;;;;;1
10/06/2014;13:00:00;28;sem vítima;125,5;BR-116/RJ;Norte;Queda de carga;1;1;;;;;1
10/06/2014;16:23:00;39;com vítima;133,5;BR-116/RJ;Norte;Colisão traseira;1;1;2;1;;;2
15/06/2014;20:12:00;53;com vítima;27,3;BR-116/RJ;Norte;Abalroamento longitudinal;1;1;2;;;;1
16/06/2014;15:55:00;40;sem vítima;122,1;BR-116/RJ;Sul;Abalroamento longitudinal;1;2;;;;;1
16/06/2014;05:30:00;6;sem vítima;143,7;BR-116/RJ;Sul;Colisão traseira;1;3;;;;;1
17/06/2014;00:52:00;3;com vítima;93,8;BR-116/RJ;Sul;Colisão traseira;2;1;2;;;;1
18/06/2014;15:05:00;19;com vítima;57,4;BR-116/RJ;Sul;Abalroamento longitudinal;1;;2;1;;;2
20/06/2014;09:19:00;8;sem vítima;143,7;BR-116/RJ;Sul;Abalroamento longitudinal;1;2;;;;;1
23/06/2014;16:24:00;32;com vítima;32,05;BR-116/RJ;Norte;Colisão frontal;1;1;;1;3;1;3
23/06/2014;08:18:00;8;com vítima;68;BR-116/RJ;Norte;Queda de moto;1;1;;;1;;2
23/06/2014;06:29:00;5;sem vítima;94,15;BR-116/RJ;Sul;Capotamento;1;1;;;;;1
25/06/2014;06:44:00;5;com vítima;80,7;BR-116/RJ;Sul;Abalroamento longitudinal;2;;3;;;;1
25/06/2014;07:42:00;8;com vítima;125,4;BR-116/RJ;Sul;Capotamento;1;;;1;;;2
25/06/2014;17:46:00;32;com vítima;129;BR-116/RJ;Sul;Choque em objeto fixo;2;1;1;;;;1
25/06/2014;20:55:00;38;com vítima;143,9;BR-116/RJ;Sul;Capotamento;1;;;;;2;3
26/06/2014;18:13:00;24;sem vítima;126,3;BR-116/RJ;Sul;Abalroamento longitudinal;1;3;;;;;1
27/06/2014;14:50:00;22;sem vítima;43,5;BR-116/RJ;Norte;Colisão traseira;2;2;;;;;1
27/06/2014;10:26:00;11;sem vítima;133,4;BR-116/RJ;Sul;Colisão traseira;1;2;;;;;1
27/06/2014;17:44:00;31;com vítima;142,4;BR-116/RJ;Sul;Choque em objeto fixo;1;1;2;;;;1
30/06/2014;21:21:00;36;com vítima;63,1;BR-116/RJ;Sul;Abalroamento longitudinal;2;;3;;;;1
30/06/2014;21:15:00;35;com vítima;95,8;BR-116/RJ;Sul;Colisão traseira;1;1;2;;;;1
01/07/2014;14:02:00;31;com vítima;143,5;BR-116/RJ;Sul;Capotamento;1;;2;;;;1
04/07/2014;08:20:00;4;com vítima;29,5;BR-116/RJ;Sul;Colisão traseira;1;1;1;;;;1
06/07/2014;18:05:00;30;sem vítima;89,4;BR-116/RJ;Sul;Abalroamento longitudinal;1;2;;;;;1
06/07/2014;19:40:00;37;sem vítima;89,4;BR-116/RJ;Sul;Abalroamento longitudinal;1;7;;;;;1
06/07/2014;19:42:00;38;sem vítima;143,2;BR-116/RJ;Sul;Abalroamento longitudinal;1;6;;;;;1
07/07/2014;06:37:00;4;com vítima;95,95;BR-116/RJ;Norte;Derrapagem;1;1;1;;;;1
08/07/2014;10:52:00;8;com vítima;123,1;BR-116/RJ;Norte;Colisão traseira;1;1;2;;;;1
09/07/2014;14:15:00;19;com vítima;81;BR-116/RJ;Norte;Capotamento;1;;1;;;;1
10/07/2014;10:00:00;13;com vítima;29;BR-116/RJ;Norte;Capotamento;1;;1;;;;1
10/07/2014;10:50:00;17;sem vítima;141,9;BR-116/RJ;Sul;Abalroamento longitudinal;1;2;;;;;1
10/07/2014;11:00:00;18;com vítima;83,6;BR-116/RJ;Norte;Abalroamento longitudinal;1;1;2;;;;1
10/07/2014;13:13:00;30;com vítima;101,9;BR-116/RJ;Norte;Abalroamento longitudinal;1;5;1;;;;1
11/07/2014;04:12:00;3;com vítima;53,3;BR-116/RJ;Sul;Capotamento;1;;;1;;;2
11/07/2014;06:55:00;6;sem vítima;142,9;BR-116/RJ;Sul;Colisão traseira;1;7;;;;;1
11/07/2014;10:36:00;17;sem vítima;133,5;BR-116/RJ;Norte;Colisão traseira;1;1;;;;;1
11/07/2014;17:56:00;55;sem vítima;136,6;BR-116/RJ;Sul;Abalroamento longitudinal;1;2;;;;;1
12/07/2014;11:27:00;11;sem vítima;141;BR-116/RJ;Norte;Abalroamento longitudinal;2;2;;;;;1
12/07/2014;14:45:00;19;com vítima;127,5;BR-116/RJ;Sul;Colisão traseira;2;4;3;;;;1
13/07/2014;20:57:00;44;com vítima;72,05;BR-116/RJ;Norte;Capotamento;1;;;2;;;2
14/07/2014;09:37:00;13;com vítima;140,25;BR-116/RJ;Sul;Colisão traseira;1;17;9;;;1;3
14/07/2014;17:54:00;38;com vítima;140,75;BR-116/RJ;Sul;Abalroamento longitudinal;1;1;;3;;;2
15/07/2014;04:31:00;2;sem vítima;118;BR-116/RJ;Sul;Atropelamento de animal;1;1;;;;;1
17/07/2014;21:10:00;36;sem vítima;89,6;BR-116/RJ;Sul;Abalroamento longitudinal;1;2;;;;;1
18/07/2014;15:50:00;36;sem vítima;95,8;BR-116/RJ;Norte;Abalroamento transversal;1;2;;;;;1
22/07/2014;17:28:00;21;sem vítima;96,5;BR-116/RJ;Sul;Colisão traseira;1;3;;;;;1
25/07/2014;15:48:00;47;sem vítima;143,25;BR-116/RJ;Sul;Colisão traseira;1;5;;;;;1
25/07/2014;21:45:00;65;com vítima;86,3;BR-116/RJ;Norte;Choque em objeto fixo;1;;;1;;;2
28/07/2014;15:24:00;28;sem vítima;122,2;BR-116/RJ;Sul;Capotamento;1;2;;;;;1
29/07/2014;13:56:00;25;sem vítima;89,8;BR-116/RJ;Sul;Abalroamento longitudinal;1;4;;;;;1
30/07/2014;09:38:00;15;sem vítima;141,3;BR-116/RJ;Norte;Colisão traseira;2;4;;;;;1
31/07/2014;12:50:00;21;com vítima;61,1;BR-116/RJ;Norte;Capotamento;1;;1;;;;1
02/08/2014;22:51:00;51;com vítima;42,05;BR-116/RJ;Sul;Abalroamento transversal;1;1;;2;1;1;3
02/08/2014;13:14:00;29;com vítima;43,7;BR-116/RJ;Norte;Abalroamento longitudinal;1;1;;2;;;2
04/08/2014;10:33:00;14;sem vítima;139,02;BR-116/RJ;Norte;Colisão traseira;1;2;;;;;1
06/08/2014;15:58:00;30;com vítima;95,95;BR-116/RJ;Norte;Choque em objeto fixo;1;1;1;;;;1
07/08/2014;01:45:00;3;com vítima;72,05;BR-116/RJ;Norte;Capotamento;1;;;1;;;2
09/08/2014;16:58:00;37;com vítima;101,5;BR-116/RJ;Norte;Abalroamento transversal;1;1;1;1;;;2
09/08/2014;04:53:00;2;com vítima;104,6;BR-116/RJ;Norte;Abalroamento longitudinal;1;1;3;;;;1
11/08/2014;05:32:00;6;com vítima;72;BR-116/RJ;Norte;Abalroamento longitudinal;2;;1;1;;;2
12/08/2014;06:42:00;4;sem vítima;51,15;BR-116/RJ;Sul;Derrapagem;1;1;;;;;1
13/08/2014;19:26:00;37;com vítima;71,9;BR-116/RJ;Sul;Abalroamento longitudinal;1;;2;;;;1
14/08/2014;07:53:00;12;com vítima;26,4;BR-116/RJ;Sul;Choque em barreira New Jersey ;1;1;1;;;;1
14/08/2014;09:48:00;16;sem vítima;93,8;BR-116/RJ;Sul;Choque em objeto fixo;1;1;;;;;1
15/08/2014;23:19:00;51;sem vítima;127,1;BR-116/RJ;Norte;Abalroamento longitudinal;1;2;;;;;1
16/08/2014;14:35:00;25;com vítima;131,1;BR-116/RJ;Sul;Colisão traseira;1;2;2;;;;1
18/08/2014;07:30:00;8;com vítima;123,6;BR-116/RJ;Norte;Colisão traseira;1;1;1;;;;1
21/08/2014;13:41:00;28;sem vítima;129,3;BR-116/RJ;Norte;Colisão traseira;2;2;;;;;1
22/08/2014;10:02:00;17;sem vítima;84,85;BR-116/RJ;Norte;Choque em objeto fixo;1;1;;;;;1
22/08/2014;16:55:00;39;sem vítima;133,05;BR-116/RJ;Sul;Abalroamento longitudinal;1;2;;;;;1
22/08/2014;14:25:00;28;sem vítima;139,8;BR-116/RJ;Sul;Choque em objeto fixo;1;1;;;;;1
23/08/2014;11:28:00;21;com vítima;92,3;BR-116/RJ;Norte;Colisão traseira;1;1;2;;;;1
27/08/2014;10:15:00;18;sem vítima;29,9;BR-116/RJ;Norte;Abalroamento longitudinal;1;2;;;;;1
27/08/2014;17:34:00;35;com vítima;106,7;BR-116/RJ;Sul;Choque em barreira New Jersey ;1;;3;;;;1
31/08/2014;00:17:00;2;sem vítima;12,1;BR-116/RJ;Norte;Atropelamento de animal;1;1;;;;;1
01/09/2014;11:15:00;25;sem vítima;122,3;BR-116/RJ;Norte;Colisão traseira;1;2;;;;;1
02/09/2014;14:30:00;29;sem vítima;90,6;BR-116/RJ;Norte;Colisão traseira;2;13;;;;;1
02/09/2014;18:30:00;47;com vítima;80,3;BR-116/RJ;Sul;Colisão traseira;2;;2;1;;;2
03/09/2014;05:55:00;3;com vítima;51,3;BR-116/RJ;Sul;Colisão traseira;1;3;1;;;;1
03/09/2014;14:55:00;36;com vítima;73,8;BR-116/RJ;Norte;Abalroamento transversal;1;;3;;;;1
04/09/2014;13:05:00;27;sem vítima;94,3;BR-116/RJ;Norte;Colisão traseira;1;3;;;;;1
05/09/2014;21:32:00;74;sem vítima;80,5;BR-116/RJ;Sul;Queda de carga;1;2;;;;;1
06/09/2014;00:08:00;1;com vítima;80,15;BR-116/RJ;Sul;Abalroamento transversal;1;;6;;;;1
09/09/2014;10:18:00;29;com vítima;84,2;BR-116/RJ;Sul;Colisão traseira;1;;4;;;;1
10/09/2014;04:00:00;2;com vítima;89,5;BR-116/RJ;Norte;Colisão frontal;1;1;4;;;;1
10/09/2014;09:35:00;12;sem vítima;122,7;BR-116/RJ;Norte;Abalroamento longitudinal;1;2;;;;;1
10/09/2014;18:05:00;34;sem vítima;126,15;BR-116/RJ;Sul;Choque em barreira New Jersey ;1;1;;;;;1
12/09/2014;07:10:00;9;sem vítima;125,25;BR-116/RJ;Norte;Abalroamento longitudinal;1;2;;;;;1
12/09/2014;18:10:00;41;com vítima;104,8;BR-116/RJ;Norte;Colisão traseira;1;1;2;;;;1
16/09/2014;04:40:00;2;com vítima;100,2;BR-116/RJ;Sul;Choque em objeto fixo;1;;;3;;;2
16/09/2014;10:00:00;15;com vítima;122,4;BR-116/RJ;Norte;Colisão traseira;1;1;1;;;;1
16/09/2014;21:03:00;55;sem vítima;137,5;BR-116/RJ;Sul;Abalroamento longitudinal;1;3;;;;;1
16/09/2014;22:22:00;57;com vítima;137,1;BR-116/RJ;Sul;Colisão traseira;1;2;1;;;;1
17/09/2014;13:02:00;19;sem vítima;133,3;BR-116/RJ;Sul;Colisão traseira;1;2;;;;;1
18/09/2014;21:47:00;41;com vítima;80,2;BR-116/RJ;Sul;Abalroamento transversal;1;1;1;1;;;2
18/09/2014;23:25:00;44;com vítima;94,4;BR-116/RJ;Sul;Choque em objeto fixo;1;;4;;;;1
19/09/2014;09:28:00;17;sem vítima;141,9;BR-116/RJ;Norte;Capotamento;1;1;;;;;1
19/09/2014;09:39:00;18;com vítima;126,8;BR-116/RJ;Sul;Colisão traseira;2;;4;;;;1
19/09/2014;00:57:00;3;com vítima;39,1;BR-116/RJ;Sul;Colisão frontal;1;;3;;1;1;3
19/09/2014;04:36:00;5;com vítima;127,6;BR-116/RJ;Sul;Colisão traseira;1;1;;7;;;2
22/09/2014;16:33:00;21;com vítima;102,5;BR-116/RJ;Norte;Queda de carga;2;;3;;;;1
23/09/2014;20:12:00;54;sem vítima;141,4;BR-116/RJ;Sul;Abalroamento longitudinal;1;2;;;;;1
24/09/2014;05:50:00;1;com vítima;128,95;BR-116/RJ;Sul;Colisão traseira;1;3;;;1;;2
25/09/2014;00:05:00;1;com vítima;86,8;BR-116/RJ;Norte;Queda de carga;1;;1;;;;1
25/09/2014;09:45:00;25;com vítima;29,6;BR-116/RJ;Sul;Choque em barreira New Jersey ;1;;1;;;;1
26/09/2014;08:47:00;5;com vítima;135,45;BR-116/RJ;Sul;Colisão traseira;1;28;;1;;;2
27/09/2014;04:39:00;3;com vítima;89,4;BR-116/RJ;Sul;Abalroamento longitudinal;1;1;;3;;;2
29/09/2014;13:00:00;34;com vítima;124,3;BR-116/RJ;Norte;Colisão traseira;1;5;2;;;;1
29/09/2014;16:16:00;51;com vítima;29,4;BR-116/RJ;Norte;Capotamento;1;;2;;;;1
02/10/2014;19:16:00;38;com vítima;105,9;BR-116/RJ;Norte;Abalroamento transversal;1;3;2;;;;1
02/10/2014;07:30:00;6;sem vítima;137,05;BR-116/RJ;Sul;Abalroamento Longitudinal;1;2;;;;;1
03/10/2014;00:08:00;1;com vítima;75;BR-116/RJ;Norte;Atropel. de pedestre caminhando;1;1;1;;;;1
05/10/2014;17:02:00;44;com vítima;79,9;BR-116/RJ;Sul;Abalroamento longitudinal;1;;3;;;;1
07/10/2014;12:45:00;25;com vítima;73,4;BR-116/RJ;Sul;Capotamento;1;;1;;;;1
07/10/2014;12:53:00;26;com vítima;74,3;BR-116/RJ;Sul;Colisão traseira;1;1;;1;;;2
09/10/2014;11:26:00;22;com vítima;37,9;BR-116/RJ;Sul;Abalroamento longitudinal;1;;;;2;;2
10/10/2014;20:58:00;69;sem vítima;96,4;BR-116/RJ;Norte;Abalroamento longitudinal;1;22;;;;;1
10/10/2014;11:50:00;40;sem vítima;114,6;BR-116/RJ;Norte;Colisão traseira;1;2;;;;;1
13/10/2014;13:24:00;23;sem vítima;133,5;BR-116/RJ;Norte;Colisão traseira;1;2;;;;;1
14/10/2014;06:42:00;3;sem vítima;133,85;BR-116/RJ;Norte;Abalroamento longitudinal;1;6;;;;;1
15/10/2014;00:05:00;1;com vítima;38,7;BR-116/RJ;Sul;Queda de carga;1;;1;1;;;2
15/10/2014;20:25:00;67;com vítima;137,5;BR-116/RJ;Norte;Colisão traseira;3;18;1;;;1;3
16/10/2014;17:34:00;30;com vítima;25,95;BR-116/RJ;Sul;Choque em barreira New Jersey ;1;;1;;;;1
17/10/2014;12:21:00;35;com vítima;80,3;BR-116/RJ;Norte;Abalroamento transversal;1;1;;;1;;2
19/10/2014;22:34:00;82;sem vítima;136,3;BR-116/RJ;Sul;Abalroamento longitudinal;1;2;;;;;1
20/10/2014;10:04:00;15;com vítima;53,5;BR-116/RJ;Sul;Capotamento;1;;1;;;;1
20/10/2014;21:25:00;48;com vítima;129,4;BR-116/RJ;Sul;Abalroamento longitudinal;2;2;;;;1;3
22/10/2014;00:47:00;3;com vítima;60,9;BR-116/RJ;Sul;Capotamento;1;;;1;;;2
22/10/2014;18:10:00;37;com vítima;73,3;BR-116/RJ;Sul;Queda de moto;1;1;;;;1;3
22/10/2014;06:00:00;9;sem vítima;143;BR-116/RJ;Norte;Abalroamento longitudinal;1;2;;;;;1
23/10/2014;18:40:00;46;sem vítima;55,7;BR-116/RJ;Norte;Queda de carga;1;2;;;;;1
27/10/2014;01:42:00;5;com vítima;68,9;BR-116/RJ;Norte;Abalroamento longitudinal;1;1;;1;;;2
27/10/2014;12:09:00;24;sem vítima;122;BR-116/RJ;Sul;Abalroamento Longitudinal;1;2;;;;;1
27/10/2014;19:40:00;41;sem vítima;122,3;BR-116/RJ;Sul;Abalroamento longitudinal;1;14;;;;;1
27/10/2014;07:08:00;14;sem vítima;125,7;BR-116/RJ;Norte;Abalroamento Longitudinal;1;2;;;;;1
29/10/2014;09:11:00;9;sem vítima;133,5;BR-116/RJ;Sul;Colisão traseira;1;2;;;;;1
29/10/2014;12:30:00;20;com vítima;137,9;BR-116/RJ;Sul;Colisão traseira;1;;4;;;;1
30/10/2014;11:21:00;19;com vítima;26;BR-116/RJ;Sul;Capotamento;1;;;2;;;2
30/10/2014;16:45:00;37;com vítima;106,5;BR-116/RJ;Norte;Abalroamento transversal;1;1;;1;;;2
31/10/2014;16:33:00;47;sem vítima;77,4;BR-116/RJ;Sul;Colisão traseira;1;3;;;;;1
01/11/2014;03:40:00;4;sem vítima;141,98;BR-116/RJ;Sul;Abalroamento longitudinal;1;2;;;;;1
01/11/2014;11:12:00;22;sem vítima;142;BR-116/RJ;Sul;Abalroamento longitudinal;1;2;;;;;1
01/11/2014;22:39:00;73;com vítima;104,6;BR-116/RJ;Sul;Abalroamento longitudinal;1;46;;2;;;2
02/11/2014;19:41:00;58;com vítima;67,6;BR-116/RJ;Sul;Atropel. de pedestre caminhando;1;;;;1;;2
03/11/2014;14:13:00;37;sem vítima;76;BR-116/RJ;Norte;Colisão traseira;1;7;;;;;1
03/11/2014;20:43:00;61;com vítima;104,3;BR-116/RJ;Sul;Colisão traseira;1;;3;;;;1
04/11/2014;02:19:00;3;sem vítima;131,05;BR-116/RJ;Sul;Choque em objeto fixo;1;1;;;;;1
04/11/2014;04:30:00;4;com vítima;95,1;BR-116/RJ;Norte;Capotamento;1;;;1;;;2
05/11/2014;04:12:00;4;com vítima;86,9;BR-116/RJ;Sul;Capotamento;1;;;3;;;2
06/11/2014;22:31:00;66;sem vítima;92,8;BR-116/RJ;Norte;Abalroamento longitudinal;2;2;;;;;1