data;horario;n_da_ocorrencia;tipo_de_ocorrencia;km;trecho;sentido;tipo_de_acidente;caminhao;ilesos;levemente_feridos;moderadamente_feridos;gravemente_feridos;mortos;3
14/01/2016;17:10:00;33;com vítima;139,7;BR-116/RJ;Norte;Choque - Veiculo parado no acostamento;1;2;3;4;;;2
27/04/2016;20:52:00;56;sem vítima;140,3;BR-116/RJ;Norte;Colisão Lateral;2;2;;;;;1
19/07/2016;07:18:00;11;sem vítima;141,1;BR-116/RJ;Norte;Colisão Traseira;1;2;;;;;1
12/01/2016;06:22:00;6;sem vítima;141,3;BR-116/RJ;Sul;Colisão Traseira;1;2;;;;;1
26/08/2016;08:41:00;14;sem vítima;141,7;BR-116/RJ;Sul;Colisão Traseira;1;2;;;;;1
27/05/2016;16:53:00;38;com vítima;141,8;BR-116/RJ;Sul;Colisão Lateral;1;1;1;;;;1
06/06/2016;06:28:00;10;sem vítima;141,5;BR-116/RJ;Sul;Colisão Traseira;1;2;;;;;1
14/01/2016;23:18:00;35;sem vítima;142;BR-116/RJ;Norte;Colisão Lateral;1;2;;;;;1
09/01/2016;19:15:00;44;sem vítima;142,5;BR-116/RJ;Norte;Colisão Lateral;1;2;;;;;1
26/04/2016;08:12:00;12;com vítima;142,6;BR-116/RJ;Norte;Colisão Traseira;3;3;1;;;;1
24/06/2016;10:41:00;26;sem vítima;142,3;BR-116/RJ;Sul;Engavetamento;1;3;;;;;1
27/06/2016;11:06:00;13;com vítima;142,65;BR-116/RJ;Norte;Engavetamento;1;2;1;;;;1
04/02/2016;21:45:00;63;sem vítima;142,9;BR-116/RJ;Norte;Colisão Lateral;1;2;;;;;1
15/02/2016;20:04:00;58;com vítima;142,9;BR-116/RJ;Norte;Atropelamento - Pessoa;1;1;;1;;;2
23/02/2016;10:22:00;14;sem vítima;142,95;BR-116/RJ;Norte;Colisão Lateral;1;2;;;;;1
11/03/2016;13:43:00;22;sem vítima;142,95;BR-116/RJ;Sul;Choque - Defensa, barreira ou "submarino";1;1;;;;;1
31/08/2016;10:22:00;18;sem vítima;143;BR-116/RJ;Sul;Colisão Lateral;1;2;;;;;1
23/08/2016;17:10:00;28;sem vítima;143,2;BR-116/RJ;Sul;Colisão Lateral;1;2;;;;;1
12/02/2016;18:30:00;39;com vítima;143,65;BR-116/RJ;Sul;Colisão Lateral;2;1;;1;;;2
10/03/2016;10:08:00;18;com vítima;143,8;BR-116/RJ;Sul;Tombamento;1;0;1;;;;1
09/04/2016;10:43:00;26;sem vítima;144;BR-116/RJ;Norte;Colisão Traseira;1;2;;;;;1
15/03/2016;14:50:00;33;com vítima;144,1;BR-116/RJ;Sul;Colisão Lateral;1;0;2;;;;1
01/09/2016;13:02:00;29;sem vítima;91,6;BR-116/RJ;Norte;Colisão Traseira;2;3;;;;;1
01/09/2016;14:40:00;33;com vítima;91,6;BR-116/RJ;Sul;Colisão Traseira;2;1;1;;;;1
01/09/2016;16:15:00;38;sem vítima;92,2;BR-116/RJ;Norte;Colisão Traseira;1;2;;;;;1
04/09/2016;04:50:00;6;sem vítima;62,9;BR-116/RJ;Norte;Atropelamento de Animal;1;1;;;;;1
07/09/2016;06:05:00;4;sem vítima;95,2;BR-116/RJ;Norte;Saida de Pista;1;1;;;;;1
08/09/2016;08:42:00;17;sem vítima;142,9;BR-116/RJ;Sul;Colisão Traseira;1;2;;;;;1
13/09/2016;10:50:00;18;com vítima;98,3;BR-116/RJ;Sul;Colisão Lateral;1;1;1;;;;1
17/09/2016;14:42:00;33;com vítima;122,6;BR-116/RJ;Sul;Tombamento;1;0;;1;;;2
18/09/2016;04:43:00;7;sem vítima;127;BR-116/RJ;Norte;Colisão Frontal;1;2;;;;;1
18/09/2016;04:28:00;6;com vítima;133,5;BR-116/RJ;Norte;Colisão Traseira;1;1;;5;;;2
20/09/2016;20:22:00;47;com vítima;59,8;BR-116/RJ;Sul;Colisão Frontal;1;0;1;;1;1;3
20/09/2016;20:56:00;48;com vítima;102,8;BR-116/RJ;Norte;Colisão Lateral;1;3;;1;;;2
20/09/2016;17:30:00;37;com vítima;136,6;BR-116/RJ;Sul;Choque - Defensa, barreira ou "submarino";1;0;2;1;;;2
21/09/2016;07:42:00;10;com vítima;48,6;BR-116/RJ;Norte;Queda de Moto;1;1;;1;1;;2
22/09/2016;17:11:00;41;sem vítima;137,7;BR-116/RJ;Sul;Engavetamento;1;3;;;;;1
23/09/2016;12:17:00;20;com vítima;103,3;BR-116/RJ;Sul;Saida de Pista;1;4;;1;;;2
24/09/2016;19:29:00;48;com vítima;92,9;BR-116/RJ;Norte;Colisão Lateral;1;1;;;;1;3
26/09/2016;05:14:00;6;sem vítima;94,9;BR-116/RJ;Sul;Colisão Lateral;1;2;;;;;1
27/09/2016;16:59:00;23;sem vítima;13,1;BR-116/RJ;Sul;Tombamento;1;1;;;;;1
29/09/2016;20:34:00;49;com vítima;93,7;BR-116/RJ;Sul;Engavetamento;2;2;1;;;;1
29/09/2016;16:48:00;37;sem vítima;103,7;BR-116/RJ;Norte;Colisão Lateral;1;2;;;;;1
03/10/2016;15:00:00;26;com vítima;80,3;BR-116/RJ;Norte;Colisão Transversal;1;1;1;;;;1
04/10/2016;09:45:00;23;sem vítima;80,2;BR-116/RJ;Norte;Colisão Transversal;1;2;;;;;1
04/10/2016;13:58:00;41;sem vítima;125,3;BR-116/RJ;Norte;Choque - Defensa, barreira ou "submarino";1;1;;;;;1
06/10/2016;08:04:00;8;sem vítima;130;BR-116/RJ;Sul;Tombamento;1;1;;;;;1
06/10/2016;17:33:00;33;sem vítima;137,4;BR-116/RJ;Norte;Colisão Traseira;1;2;;;;;1
08/10/2016;15:04:00;37;sem vítima;133,5;BR-116/RJ;Sul;Colisão Traseira;1;2;;;;;1
10/10/2016;06:11:00;9;sem vítima;142,95;BR-116/RJ;Sul;Engavetamento;1;3;;;;;1
11/10/2016;08:27:00;10;sem vítima;143;BR-116/RJ;Norte;Colisão Lateral;1;3;;;;;1
11/10/2016;08:27:00;11;sem vítima;107,1;BR-116/RJ;Norte;Colisão Traseira;2;3;;;;;1
12/10/2016;07:18:00;5;sem vítima;133,5;BR-116/RJ;Sul;Colisão Lateral;1;2;;;;;1
16/10/2016;05:45:00;8;sem vítima;95,8;BR-116/RJ;Norte;Tombamento;1;1;;;;;1
19/10/2016;02:35:00;3;com vítima;99,4;BR-116/RJ;Sul;Tombamento;1;0;3;;;;1
19/10/2016;08:13:00;10;sem vítima;143,95;BR-116/RJ;Sul;Colisão Lateral;1;3;;;;;1
20/10/2016;02:16:00;5;com vítima;99,4;BR-116/RJ;Sul;Tombamento;1;0;2;;;;1
20/10/2016;15:06:00;28;com vítima;13,1;BR-116/RJ;Sul;Tombamento;1;0;1;;;;1
21/10/2016;07:28:00;10;com vítima;110,75;BR-116/RJ;Norte;Colisão Traseira;2;0;1;1;;1;3
25/10/2016;11:32:00;18;com vítima;99,3;BR-116/RJ;Sul;Saida de Pista;1;0;1;;;;1
25/10/2016;12:57:00;22;sem vítima;100,9;BR-116/RJ;Norte;Saida de Pista;1;1;;;;;1
26/10/2016;08:04:00;5;sem vítima;143,4;BR-116/RJ;Sul;Engavetamento;1;4;;;;;1
27/10/2016;08:30:00;8;com vítima;142,5;BR-116/RJ;Sul;Colisão Traseira;1;0;2;1;;;2
27/10/2016;10:48:00;17;com vítima;86,8;BR-116/RJ;Norte;Tombamento;1;0;;2;;;2
27/10/2016;17:19:00;38;com vítima;75,35;BR-116/RJ;Norte;Colisão Lateral;1;1;;1;;;2
01/11/2016;08:05:00;11;com vítima;143,4;BR-116/RJ;Sul;Colisão Traseira;1;1;2;;;;1
01/11/2016;16:24:00;40;sem vítima;103,8;BR-116/RJ;Norte;Colisão Traseira;1;2;;;;;1
03/11/2016;17:18:00;30;com vítima;80,5;BR-116/RJ;Norte;Colisão Lateral;1;0;1;;;1;3
03/11/2016;18:40:00;39;sem vítima;63,1;BR-116/RJ;Sul;Choque - Defensa, barreira ou "submarino";1;1;;;;;1
03/11/2016;22:56:00;47;com vítima;125,6;BR-116/RJ;Norte;Choque - Defensa, barreira ou "submarino";1;0;1;;;;1
04/11/2016;01:51:00;3;sem vítima;106,95;BR-116/RJ;Sul;Atropelamento de Animal;1;1;;;;;1
04/11/2016;16:40:00;37;com vítima;26,3;BR-116/RJ;Norte;Colisão Lateral;1;0;1;;;1;3
05/11/2016;06:27:00;4;sem vítima;53,45;BR-116/RJ;Sul;Saida de Pista;1;1;;;;;1
05/11/2016;07:43:00;8;sem vítima;87,95;BR-116/RJ;Norte;Saida de Pista;1;2;;;;;1
07/11/2016;17:09:00;27;sem vítima;26,3;BR-116/RJ;Norte;Choque - Defensa, barreira ou "submarino";1;1;;;;;1
10/11/2016;15:05:00;29;sem vítima;108,07;BR-116/RJ;Sul;Choque - Defensa, barreira ou "submarino";1;1;;;;;1
11/11/2016;11:50:00;27;sem vítima;133,5;BR-116/RJ;Norte;Colisão Lateral;1;2;;;;;1
11/11/2016;16:39:00;52;com vítima;91,4;BR-116/RJ;Norte;Colisão Traseira;1;2;;2;;;2
11/11/2016;17:49:00;59;sem vítima;107,2;BR-116/RJ;Norte;Saida de Pista;1;1;;;;;1
13/11/2016;06:27:00;10;sem vítima;53,85;BR-116/RJ;Sul;Tombamento;1;1;;;;;1
13/11/2016;18:39:00;45;sem vítima;100;BR-116/RJ;Sul;Tombamento;1;1;;;;;1
14/11/2016;10:00:00;14;com vítima;103,3;BR-116/RJ;Norte;Saida de Pista;1;0;1;;;;1
14/11/2016;21:45:00;47;com vítima;101,4;BR-116/RJ;Sul;Queda de vegetação c/ veículo;1;0;3;;;;1
17/11/2016;06:20:00;3;com vítima;25,9;BR-116/RJ;Sul;Tombamento;1;0;1;;;;1
17/11/2016;08:40:00;6;com vítima;138,9;BR-116/RJ;Sul;Colisão Traseira;1;1;;1;;;2
17/11/2016;21:02:00;43;sem vítima;131,4;BR-116/RJ;Sul;Colisão Traseira;2;2;;;;;1
18/11/2016;14:02:00;25;sem vítima;83;BR-116/RJ;Norte;Colisão Traseira;2;3;;;;;1
22/11/2016;06:49:00;2;sem vítima;139,6;BR-116/RJ;Norte;Colisão Lateral;1;2;;;;;1
22/11/2016;13:08:00;18;sem vítima;123,3;BR-116/RJ;Norte;Choque - Veiculo parado no acostamento;2;2;;;;;1
22/11/2016;16:33:00;27;sem vítima;89;BR-116/RJ;Norte;Choque - Defensa, barreira ou "submarino";1;1;;;;;1
23/11/2016;06:51:00;3;com vítima;133,5;BR-116/RJ;Sul;Choque - Defensa, barreira ou "submarino";1;1;1;;;;1
23/11/2016;07:20:00;5;sem vítima;133,6;BR-116/RJ;Norte;Colisão Traseira;2;2;;;;;1
29/11/2016;12:47:00;16;sem vítima;99,6;BR-116/RJ;Norte;Colisão Lateral;1;2;;;;;1
29/11/2016;12:47:00;17;sem vítima;99,6;BR-116/RJ;Norte;Colisão Lateral;2;2;;;;;1
03/12/2016;14:40:00;36;sem vítima;70,9;BR-116/RJ;Sul;Choque - Defensa, barreira ou "submarino";1;1;;;;;1
03/12/2016;15:16:00;37;com vítima;123,7;BR-116/RJ;Sul;Colisão Lateral;1;0;2;;;;1
03/12/2016;16:42:00;44;com vítima;75,75;BR-116/RJ;Sul;Saida de Pista;1;0;;1;;;2
04/12/2016;20:08:00;44;com vítima;85,5;BR-116/RJ;Norte;Colisão Lateral;1;0;3;2;;;2
05/12/2016;09:17:00;13;sem vítima;133,5;BR-116/RJ;Norte;Colisão Traseira;2;2;;;;;1
05/12/2016;11:00:00;22;sem vítima;139,6;BR-116/RJ;Norte;Colisão Lateral;1;2;;;;;1
06/12/2016;08:05:00;9;com vítima;93,5;BR-116/RJ;Sul;Choque - Defensa, barreira ou "submarino";1;0;1;;;;1
10/12/2016;05:58:00;5;sem vítima;80,5;BR-116/RJ;Sul;Saida de Pista;1;1;;;;;1
10/12/2016;12:03:00;21;sem vítima;122,8;BR-116/RJ;Sul;Tombamento;1;1;;;;;1
10/12/2016;21:40:00;51;com vítima;107,1;BR-116/RJ;Sul;Colisão Frontal;1;0;2;;;1;3
11/12/2016;00:47:00;1;com vítima;94,3;BR-116/RJ;Norte;Tombamento;1;0;2;;;;1
11/12/2016;20:45:00;65;sem vítima;142,5;BR-116/RJ;Sul;Choque - Outros;1;2;;;;;1
12/12/2016;09:59:00;16;com vítima;5,8;BR-116/RJ;Sul;Colisão Lateral;1;2;2;;;;1
14/12/2016;13:48:00;25;com vítima;138,9;BR-116/RJ;Sul;Tombamento;1;0;2;1;;;2
15/12/2016;16:20:00;37;sem vítima;2,1;BR-116/RJ;Norte;Colisão Lateral;1;2;;;;;1
17/12/2016;17:19:00;44;com vítima;75,4;BR-116/RJ;Sul;Saida de Pista;1;0;1;;;;1
17/12/2016;18:34:00;52;com vítima;29,7;BR-116/RJ;Norte;Colisão Lateral;1;0;2;;;;1
17/12/2016;23:08:00;68;com vítima;49,6;BR-116/RJ;Sul;Colisão Frontal;1;1;;;2;3;3
19/12/2016;21:26:00;50;com vítima;107,85;BR-116/RJ;Norte;Colisão Traseira;1;1;;;1;;2
20/12/2016;00:48:00;1;sem vítima;97,2;BR-116/RJ;Sul;Choque - Defensa, barreira ou "submarino";1;1;;;;;1
20/12/2016;17:01:00;46;sem vítima;40,1;BR-116/RJ;Norte;Saida de Pista;1;1;;;;;1
21/12/2016;11:24:00;21;sem vítima;102,3;BR-116/RJ;Norte;Colisão Transversal;1;2;;;;;1
21/12/2016;17:22:00;49;sem vítima;99,5;BR-116/RJ;Norte;Choque - Defensa, barreira ou "submarino";1;1;;;;;1
22/12/2016;04:51:00;5;com vítima;125,5;BR-116/RJ;Norte;Saida de Pista;1;0;2;;;;1
27/12/2016;09:39:00;14;com vítima;122;BR-116/RJ;Norte;Engavetamento;2;4;;1;;;2
27/12/2016;11:37:00;26;sem vítima;52,5;BR-116/RJ;Norte;Colisão Traseira;2;2;;;;;1
28/12/2016;06:28:00;13;com vítima;139,2;BR-116/RJ;Sul;Colisão Lateral;1;2;2;1;;;2
28/12/2016;13:14:00;31;com vítima;141,7;BR-116/RJ;Sul;Tombamento;1;0;1;;;;1
28/12/2016;21:10:00;67;com vítima;94,8;BR-116/RJ;Sul;Tombamento;1;0;;;2;1;3
30/12/2016;08:07:00;8;com vítima;137,5;BR-116/RJ;Norte;Colisão Traseira;2;0;2;1;;;2
30/12/2016;18:40:00;56;sem vítima;93,25;BR-116/RJ;Norte;Colisão Lateral;1;2;;;;;1
31/12/2016;02:26:00;5;com vítima;127,3;BR-116/RJ;Sul;Colisão Lateral;1;1;;1;;;2
01/01/2017;18:03:00;50;sem vítima;133,5;BR-116/RJ;Sul;Colisão Lateral;1;2;;;;;1
01/01/2017;23:51:00;94;com vítima;86,2;BR-116/RJ;Sul;Choque - Defensa, barreira ou "submarino";1;1;1;;;;1
04/01/2017;10:35:00;15;sem vítima;124,9;BR-116/RJ;Norte;Choque - Defensa, barreira ou "submarino";1;1;;;;;1
07/01/2017;17:44:00;37;sem vítima;103;BR-116/RJ;Sul;Colisão Lateral;1;3;;;;;1
09/01/2017;02:12:00;3;sem vítima;122;BR-116/RJ;Sul;Choque - Defensa, barreira ou "submarino";1;1;;;;;1
09/01/2017;15:28:00;32;sem vítima;85,95;BR-116/RJ;Sul;Choque - Defensa, barreira ou "submarino";1;1;;;;;1
10/01/2017;15:13:00;26;com vítima;131,35;BR-116/RJ;Sul;Colisão Traseira;1;1;2;;;;1
12/01/2017;09:24:00;19;sem vítima;133,6;BR-116/RJ;Norte;Colisão Lateral;1;2;;;;;1
13/01/2017;21:28:00;45;com vítima;78,6;BR-116/RJ;Norte;Colisão Lateral;1;1;;;1;;2
15/01/2017;04:47:00;8;sem vítima;89,7;BR-116/RJ;Sul;Colisão Lateral;1;2;;;;;1
18/01/2017;18:03:00;41;sem vítima;142,5;BR-116/RJ;Norte;Colisão Traseira;2;2;;;;;1
19/01/2017;19:32:00;53;com vítima;135,95;BR-116/RJ;Sul;Choque - Defensa, barreira ou "submarino";1;2;1;;;;1
21/01/2017;07:51:00;10;com vítima;141,2;BR-116/RJ;Sul;Colisão Lateral;1;1;1;;;;1
21/01/2017;18:04:00;46;com vítima;143,8;BR-116/RJ;Sul;Engavetamento;1;3;;1;;;2
21/01/2017;18:12:00;47;sem vítima;140,6;BR-116/RJ;Sul;Choque - Defensa, barreira ou "submarino";1;1;;;;;1
26/01/2017;12:58:00;25;sem vítima;89,85;BR-116/RJ;Norte;Engavetamento;1;5;;;;;1
27/01/2017;14:45:00;39;com vítima;102,95;BR-116/RJ;Norte;Colisão Lateral;1;1;1;1;;;2
28/01/2017;17:42:00;38;com vítima;29,3;BR-116/RJ;Norte;Saida de Pista;1;1;1;;;;1
29/01/2017;16:23:00;42;com vítima;104,3;BR-116/RJ;Sul;Colisão Transversal;1;2;;;1;1;3
01/02/2017;11:41:00;9;sem vítima;98;BR-116/RJ;Norte;Colisão Lateral;1;2;;;;;1
01/02/2017;12:57:00;14;sem vítima;141,4;BR-116/RJ;Sul;Choque - Defensa, barreira ou "submarino";1;1;;;;;1
02/02/2017;13:16:00;17;com vítima;132,8;BR-116/RJ;Sul;Choque - Veiculo parado no acostamento;1;2;1;;;1;3
03/02/2017;22:13:00;51;sem vítima;4,3;BR-116/RJ;Norte;Colisão Traseira;1;2;;;;;1
07/02/2017;18:52:00;47;com vítima;88,1;BR-116/RJ;Norte;Colisão Lateral;1;1;;1;;;2
08/02/2017;11:42:00;26;com vítima;49;BR-116/RJ;Norte;Queda de Moto;1;1;;1;;;2
10/02/2017;14:06:00;24;sem vítima;96,5;BR-116/RJ;Norte;Saida de Pista;1;1;;;;;1
10/02/2017;17:55:00;43;com vítima;23,45;BR-116/RJ;Norte;Colisão Transversal;1;1;4;;;;1
12/02/2017;23:58:00;73;sem vítima;97,8;BR-116/RJ;Sul;Queda de vegetação c/ veículo;1;2;;;;;1
14/02/2017;05:49:00;6;com vítima;93,95;BR-116/RJ;Sul;Tombamento;1;0;;;2;1;3
14/02/2017;09:57:00;18;sem vítima;123,6;BR-116/RJ;Norte;Choque - Defensa, barreira ou "submarino";1;1;;;;;1
15/02/2017;09:41:00;11;sem vítima;85,95;BR-116/RJ;Norte;Colisão Traseira;2;2;;;;;1
16/02/2017;15:47:00;38;com vítima;74,9;BR-116/RJ;Sul;Queda de Moto;1;1;2;;;;1
18/02/2017;23:41:00;81;com vítima;99,4;BR-116/RJ;Sul;Tombamento;1;0;1;1;;;2
19/02/2017;13:46:00;34;com vítima;27,7;BR-116/RJ;Sul;Tombamento;1;0;2;;;;1
22/02/2017;13:50:00;33;com vítima;74,75;BR-116/RJ;Sul;Colisão Frontal;1;1;;;1;;2
22/02/2017;16:19:00;40;sem vítima;130,6;BR-116/RJ;Sul;Colisão Traseira;2;2;;;;;1
23/02/2017;21:00:00;61;sem vítima;130,7;BR-116/RJ;Norte;Colisão Lateral;1;2;;;;;1
24/02/2017;10:58:00;31;sem vítima;130,2;BR-116/RJ;Norte;Engavetamento;2;3;;;;;1
25/02/2017;11:25:00;47;sem vítima;143;BR-116/RJ;Norte;Colisão Lateral;1;2;;;;;1
26/02/2017;11:00:00;16;sem vítima;94,7;BR-116/RJ;Norte;Colisão Lateral;2;2;;;;;1
01/03/2017;10:15:00;23;com vítima;137;BR-116/RJ;Sul;Colisão Traseira;1;1;1;;;;1
02/03/2017;18:26:00;38;com vítima;78,9;BR-116/RJ;Sul;Colisão Transversal;1;2;1;1;;;2
02/03/2017;04:32:00;2;com vítima;137,4;BR-116/RJ;Norte;Atropelamento - Pessoa;1;0;1;;;1;3
06/03/2017;16:32:00;32;com vítima;75,5;BR-116/RJ;Norte;Tombamento;1;0;;1;;;2
06/03/2017;04:51:00;7;sem vítima;120,25;BR-116/RJ;Norte;Saida de Pista;1;1;;;;;1
07/03/2017;15:52:00;44;com vítima;113,2;BR-116/RJ;Norte;Colisão Traseira;1;1;3;1;;;2
10/03/2017;13:38:00;27;com vítima;143,03;BR-116/RJ;Norte;Saida de Pista;1;1;1;1;;;2
11/03/2017;07:56:00;12;com vítima;29,2;BR-116/RJ;Sul;Tombamento;1;1;;;;5;3
12/03/2017;11:18:00;17;sem vítima;91;BR-116/RJ;Norte;Colisão Traseira;1;2;;;;;1
15/03/2017;15:05:00;36;com vítima;104,05;BR-116/RJ;Norte;Colisão Frontal;1;0;1;1;1;;2
15/03/2017;16:52:00;40;com vítima;128,9;BR-116/RJ;Sul;Colisão Traseira;1;2;1;;;;1
17/03/2017;14:46:00;46;com vítima;80,3;BR-116/RJ;Sul;Colisão Traseira;1;0;3;;;;1
17/03/2017;16:00:00;54;sem vítima;122,2;BR-116/RJ;Sul;Tombamento;1;1;;;;;1
18/03/2017;05:33:00;5;com vítima;115,3;BR-116/RJ;Sul;Choque - Defensa, barreira ou "submarino";1;0;1;;;;1
19/03/2017;06:17:00;7;sem vítima;19,8;BR-116/RJ;Sul;Colisão Lateral;1;2;;;;;1
19/03/2017;18:21:00;42;com vítima;59,95;BR-116/RJ;Sul;Colisão Lateral;1;0;2;;;;1
20/03/2017;10:11:00;13;com vítima;91,3;BR-116/RJ;Sul;Tombamento;1;1;;1;;;2
20/03/2017;05:19:00;3;com vítima;95,95;BR-116/RJ;Norte;Tombamento;1;0;;2;1;;2
20/03/2017;18:16:00;30;com vítima;106,95;BR-116/RJ;Norte;Tombamento;1;0;;2;;;2
20/03/2017;10:41:00;15;sem vítima;143,6;BR-116/RJ;Sul;Colisão Lateral;1;2;;;;;1
23/03/2017;08:31:00;11;sem vítima;143,4;BR-116/RJ;Sul;Colisão Traseira;1;2;;;;;1
26/03/2017;20:10:00;50;com vítima;93,6;BR-116/RJ;Sul;Colisão Lateral;1;1;;1;;;2
27/03/2017;07:43:00;14;com vítima;138,1;BR-116/RJ;Norte;Colisão Traseira;1;1;4;;;;1
28/03/2017;04:46:00;8;com vítima;137,8;BR-116/RJ;Norte;Atropelamento - Pessoa;1;1;;1;;;2
29/03/2017;17:05:00;33;com vítima;113;BR-116/RJ;Sul;Colisão Traseira;1;1;1;;;;1
01/04/2017;03:30:00;5;sem vítima;144;BR-116/RJ;Sul;Choque - Defensa, barreira ou "submarino";1;1;;;;;1
03/04/2017;13:29:00;30;com vítima;38,7;BR-116/RJ;Sul;Colisão Lateral;1;0;2;2;;;2
04/04/2017;00:12:00;1;sem vítima;126,4;BR-116/RJ;Sul;Colisão Traseira;1;5;;;;;1
04/04/2017;15:08:00;30;com vítima;142,1;BR-116/RJ;Norte;Colisão Traseira;1;1;4;;;;1
11/04/2017;07:25:00;7;com vítima;26,2;BR-116/RJ;Sul;Saida de Pista;1;0;1;;;;1
17/04/2017;05:32:00;6;sem vítima;144;BR-116/RJ;Sul;Colisão Lateral;1;2;;;;;1
18/04/2017;17:06:00;37;com vítima;141;BR-116/RJ;Norte;Colisão Lateral;1;0;3;;;;1
19/04/2017;06:32:00;8;sem vítima;123;BR-116/RJ;Norte;Colisão Traseira;1;2;;;;;1
22/04/2017;13:30:00;26;com vítima;80,4;BR-116/RJ;Sul;Colisão Lateral;2;5;2;;;1;3
24/04/2017;23:21:00;38;com vítima;86,8;BR-116/RJ;Norte;Tombamento;2;0;;;;3;3
26/04/2017;17:46:00;43;com vítima;138,4;BR-116/RJ;Norte;Engavetamento;1;1;2;;;;1
27/04/2017;19:16:00;37;com vítima;140,1;BR-116/RJ;Norte;Colisão Lateral;1;6;1;;;;1
28/04/2017;06:47:00;5;com vítima;46,85;BR-116/RJ;Sul;Colisão Transversal;1;0;2;;1;;2
29/04/2017;21:23:00;74;sem vítima;122,7;BR-116/RJ;Norte;Colisão Lateral;1;2;;;;;1
29/04/2017;02:15:00;7;sem vítima;141,85;BR-116/RJ;Norte;Engavetamento;1;3;;;;;1
02/05/2017;09:50:00;15;com vítima;17,9;BR-116/RJ;Sul;Choque - Defensa, barreira ou "submarino";2;2;1;;;;1
02/05/2017;18:25:00;40;sem vítima;143,7;BR-116/RJ;Sul;Colisão Lateral;1;2;;;;;1
04/05/2017;10:59:00;18;com vítima;80,25;BR-116/RJ;Norte;Colisão Transversal;1;0;2;;;;1
05/05/2017;11:14:00;21;sem vítima;125,2;BR-116/RJ;Norte;Colisão Lateral;1;2;;;;;1
05/05/2017;16:37:00;36;com vítima;80,7;BR-116/RJ;Sul;Colisão Lateral;2;0;2;1;;;2
05/05/2017;17:05:00;40;sem vítima;131,1;BR-116/RJ;Sul;Colisão Traseira;2;2;;;;;1
06/05/2017;05:48:00;18;sem vítima;74,3;BR-116/RJ;Sul;Colisão Lateral;1;2;;;;;1
10/05/2017;18:26:00;43;com vítima;11,9;BR-116/RJ;Sul;Colisão Frontal;1;1;;;1;1;3
16/05/2017;18:19:00;53;com vítima;80;BR-116/RJ;Norte;Engavetamento;1;2;;1;;;2
16/05/2017;20:26:00;57;com vítima;46,85;BR-116/RJ;Sul;Tombamento;1;0;;1;;;2
19/05/2017;16:45:00;41;sem vítima;114,7;BR-116/RJ;Sul;Colisão Frontal;1;2;;;;;1
20/05/2017;07:50:00;8;com vítima;126;BR-116/RJ;Norte;Engavetamento;7;8;1;1;;;2
24/05/2017;15:27:00;36;com vítima;53,85;BR-116/RJ;Norte;Tombamento;1;0;1;;;;1
26/05/2017;15:50:00;33;com vítima;83,05;BR-116/RJ;Norte;Colisão Transversal;1;0;1;;;1;3
28/05/2017;12:15:00;14;com vítima;93,95;BR-116/RJ;Sul;Choque - Defensa, barreira ou "submarino";1;0;1;;;1;3
29/05/2017;15:38:00;46;com vítima;92,2;BR-116/RJ;Norte;Tombamento;1;0;2;;;;1
30/05/2017;12:33:00;13;sem vítima;123,35;BR-116/RJ;Sul;Choque - Defensa, barreira ou "submarino";1;1;;;;;1
31/05/2017;07:05:00;4;sem vítima;94,1;BR-116/RJ;Sul;Colisão Traseira;1;3;;;;;1
31/05/2017;16:54:00;26;sem vítima;125,8;BR-116/RJ;Sul;Colisão Lateral;2;2;;;;;1
01/06/2017;21:50:00;59;com vítima;144;BR-116/RJ;Sul;Tombamento;1;0;3;;;;1
02/06/2017;23:20:00;69;com vítima;80,3;BR-116/RJ;Sul;Colisão Transversal;1;2;2;;;;1
03/06/2017;23:26:00;60;sem vítima;108,4;BR-116/RJ;Sul;Colisão Lateral;1;3;;;;;1
04/06/2017;15:18:00;24;sem vítima;104,4;BR-116/RJ;Norte;Colisão Transversal;1;2;;;;;1
04/06/2017;17:49:00;32;sem vítima;131,2;BR-116/RJ;Sul;Colisão Lateral;1;2;;;;;1
05/06/2017;13:40:00;33;sem vítima;93,2;BR-116/RJ;Sul;Choque - Defensa, barreira ou "submarino";1;1;;;;;1
12/06/2017;01:10:00;5;sem vítima;12;BR-116/RJ;Sul;Atropelamento de Animal;1;1;;;;;1
13/06/2017;22:38:00;43;sem vítima;85,8;BR-116/RJ;Sul;Saida de Pista;1;1;;;;;1
13/06/2017;23:11:00;46;sem vítima;90,5;BR-116/RJ;Norte;Saida de Pista;1;1;;;;;1
13/06/2017;23:19:00;47;com vítima;140,2;BR-116/RJ;Sul;Choque - Defensa, barreira ou "submarino";1;1;;1;;;2
18/06/2017;02:19:00;5;com vítima;75,4;BR-116/RJ;Sul;Atropelamento - Pessoa;1;1;;1;;;2
18/06/2017;06:35:00;10;sem vítima;85,7;BR-116/RJ;Sul;Colisão Lateral;1;5;;;;;1
18/06/2017;10:37:00;21;sem vítima;133,5;BR-116/RJ;Norte;Colisão Traseira;1;2;;;;;1
23/06/2017;03:45:00;2;com vítima;129,2;BR-116/RJ;Sul;Colisão Traseira;1;1;;;;4;3