data;horario;n_da_ocorrencia;tipo_de_ocorrencia;km;trecho;sentido;tipo_de_acidente;caminhao;ilesos;levemente_feridos;moderadamente_feridos;gravemente_feridos;mortos;3
25/06/2017;20:21:00;59;com vítima;104,2;BR-116/RJ;Norte;Colisão Lateral;1;1;;1;;;2
26/06/2017;17:38:00;44;com vítima;90,6;BR-116/RJ;Norte;Colisão Traseira;1;1;1;;;;1
26/06/2017;07:47:00;15;com vítima;139,2;BR-116/RJ;Norte;Choque - Objeto sobre a pista;1;1;;1;;;2
27/06/2017;07:15:00;4;sem vítima;71;BR-116/RJ;Sul;Choque - Veiculo parado no acostamento;1;2;;;;;1
27/06/2017;08:59:00;10;com vítima;108,2;BR-116/RJ;Norte;Colisão Traseira;1;2;;2;;;2
29/06/2017;18:37:00;42;sem vítima;99,5;BR-116/RJ;Sul;Saida de Pista;1;1;;;;;1
06/07/2017;12:06:00;22;com vítima;2,5;BR-116/RJ;Norte;Choque - Talude;1;0;1;;;;1
02/07/2017;18:38:00;37;sem vítima;11,1;BR-116/RJ;Sul;Atropelamento de Animal;1;1;;;;;1
26/07/2017;12:58:00;30;com vítima;13,3;BR-116/RJ;Norte;Tombamento;1;0;;1;;;2
16/07/2017;14:23:00;30;sem vítima;13,8;BR-116/RJ;Sul;Saida de Pista;1;1;;;;;1
29/07/2017;11:22:00;24;com vítima;24,4;BR-116/RJ;Norte;Colisão Lateral;1;1;4;1;;1;3
23/07/2017;11:45:00;19;sem vítima;28,6;BR-116/RJ;Norte;Choque - Defensa, barreira ou "submarino";1;1;;;;;1
25/07/2017;20:32:00;42;com vítima;38,7;BR-116/RJ;Sul;Colisão Transversal;1;2;1;;;;1
13/07/2017;11:20:00;16;sem vítima;43,9;BR-116/RJ;Sul;Colisão Traseira;1;2;;;;;1
03/07/2017;13:56:00;28;com vítima;58,9;BR-116/RJ;Norte;Colisão Traseira;1;1;;1;;;2
07/07/2017;13:07:00;29;com vítima;65,9;BR-116/RJ;Sul;Colisão Transversal;1;1;;1;;;2
20/07/2017;17:30:00;40;com vítima;67,1;BR-116/RJ;Sul;Engavetamento;1;0;5;;;;1
12/07/2017;20:38:00;36;com vítima;74,6;BR-116/RJ;Norte;Colisão Lateral;1;1;1;;;;1
01/07/2017;19:03:00;39;sem vítima;75,7;BR-116/RJ;Norte;Colisão Traseira;1;2;;;;;1
15/07/2017;18:46:00;47;sem vítima;77,6;BR-116/RJ;Sul;Colisão Lateral;1;3;;;;;1
02/07/2017;11:03:00;15;com vítima;90,4;BR-116/RJ;Norte;Colisão Frontal;1;1;1;1;;;2
29/07/2017;13:10:00;35;com vítima;90,5;BR-116/RJ;Sul;Colisão Lateral;1;1;3;;;;1
21/07/2017;18:59:00;51;sem vítima;90,6;BR-116/RJ;Norte;Colisão Traseira;1;2;;;;;1
21/07/2017;05:43:00;6;sem vítima;99,2;BR-116/RJ;Sul;Choque - Defensa, barreira ou "submarino";1;1;;;;;1
24/07/2017;14:38:00;26;sem vítima;99,4;BR-116/RJ;Norte;Colisão Traseira;1;2;;;;;1
08/07/2017;06:06:00;11;com vítima;108,6;BR-116/RJ;Sul;Colisão Traseira;1;1;;1;;;2
31/07/2017;09:36:00;18;sem vítima;125,95;BR-116/RJ;Norte;Colisão Traseira;1;2;;;;;1
05/07/2017;09:20:00;9;com vítima;128;BR-116/RJ;Sul;Atropelamento - Pessoa;1;1;;1;;;2
26/07/2017;16:55:00;43;com vítima;129,35;BR-116/RJ;Norte;Choque - Defensa, barreira ou "submarino";1;2;;;1;;2
03/07/2017;12:27:00;23;sem vítima;130,9;BR-116/RJ;Norte;Colisão Traseira;2;2;;;;;1
21/07/2017;08:09:00;10;sem vítima;133,5;BR-116/RJ;Norte;Colisão Lateral;1;2;;;;;1
26/07/2017;13:22:00;31;sem vítima;133,5;BR-116/RJ;Sul;Colisão Traseira;1;2;;;;;1
28/07/2017;18:23:00;31;sem vítima;133,5;BR-116/RJ;Norte;Colisão Lateral;1;2;;;;;1
31/07/2017;05:35:00;5;sem vítima;136,4;BR-116/RJ;Norte;Colisão Traseira;1;3;;;;;1
31/07/2017;05:27:00;4;sem vítima;136,8;BR-116/RJ;Norte;Colisão Traseira;1;2;;;;;1
17/07/2017;17:10:00;40;com vítima;137;BR-116/RJ;Sul;Colisão Traseira;1;1;;;1;;2
18/07/2017;18:33:00;35;com vítima;139,35;BR-116/RJ;Sul;Choque - Defensa, barreira ou "submarino";1;2;1;;;;1
13/07/2017;08:14:00;5;com vítima;139,5;BR-116/RJ;Sul;Colisão Lateral;1;1;1;;;;1
10/07/2017;15:20:00;30;com vítima;141,5;BR-116/RJ;Sul;Colisão Lateral;1;0;3;;;;1
01/07/2017;15:18:00;31;sem vítima;142,4;BR-116/RJ;Norte;Colisão Lateral;1;2;;;;;1
31/07/2017;17:20:00;45;sem vítima;142,5;BR-116/RJ;Sul;Choque - Veiculo parado no acostamento;1;2;;;;;1
22/07/2017;11:23:00;16;sem vítima;143,6;BR-116/RJ;Norte;Colisão Traseira;1;2;;;;;1
01/09/2017;16:58:00;34;com vítima;138,4;BR-116/RJ;Sul;Colisão Transversal;1;1;1;;;;1
06/09/2017;12:50:00;27;sem vítima;29,2;BR-116/RJ;Norte;Choque - Defensa, barreira ou "submarino";1;1;;;;;1
13/09/2017;14:28:00;32;com vítima;137,4;BR-116/RJ;Norte;Colisão Traseira;1;1;1;;;;1
14/09/2017;15:13:00;41;com vítima;110,4;BR-116/RJ;Norte;Tombamento;1;0;1;;;;1
17/09/2017;17:02:00;47;com vítima;70,9;BR-116/RJ;Norte;Atropelamento - Pessoa;1;1;1;;;;1
18/09/2017;06:18:00;7;com vítima;104,1;BR-116/RJ;Sul;Colisão Lateral;1;0;4;;;;1
20/09/2017;18:10:00;40;sem vítima;93,3;BR-116/RJ;Norte;Colisão Lateral;2;2;;;;;1
21/09/2017;13:30:00;24;sem vítima;93,2;BR-116/RJ;Sul;Colisão Lateral;1;2;;;;;1
21/09/2017;15:03:00;30;sem vítima;95,7;BR-116/RJ;Sul;Saida de Pista;1;2;;;;;1
22/09/2017;07:38:00;11;com vítima;96,95;BR-116/RJ;Sul;Colisão Lateral;1;1;;1;;;2
23/09/2017;21:21:00;53;com vítima;76,4;BR-116/RJ;Sul;Colisão Frontal;5;0;1;;;1;3
25/09/2017;20:13:00;64;com vítima;70,9;BR-116/RJ;Norte;Colisão Traseira;1;1;1;;;;1
27/09/2017;06:27:00;6;com vítima;12,1;BR-116/RJ;Sul;Colisão Lateral;1;0;;1;;1;3
27/09/2017;17:35:00;33;com vítima;95,05;BR-116/RJ;Norte;Colisão Frontal;1;1;;;;1;3
28/09/2017;05:25:00;5;sem vítima;5;BR-116/RJ;Sul;Colisão Traseira;2;2;;;;;1
28/09/2017;06:40:00;8;sem vítima;96,8;BR-116/RJ;Norte;Saida de Pista;1;1;;;;;1
29/09/2017;07:28:00;7;com vítima;17,95;BR-116/RJ;Sul;Tombamento;1;0;1;;;;1
30/09/2017;09:51:00;20;sem vítima;141,35;BR-116/RJ;Norte;Colisão Lateral;2;2;;;;;1
03/10/2017;09:30:00;13;sem vítima;24,1;BR-116/RJ;Norte;Saida de Pista;1;1;;;;;1
03/10/2017;05:30:00;3;com vítima;133,5;BR-116/RJ;Sul;Colisão Traseira;1;2;6;;;;1
04/10/2017;20:49:00;56;sem vítima;122,5;BR-116/RJ;Sul;Colisão Lateral;1;3;;;;;1
05/10/2017;15:29:00;36;com vítima;13,1;BR-116/RJ;Norte;Tombamento;1;0;2;;;;1
09/10/2017;02:07:00;4;com vítima;94,4;BR-116/RJ;Norte;Tombamento;1;0;1;;;;1
09/10/2017;13:03:00;35;com vítima;127,1;BR-116/RJ;Sul;Colisão Traseira;1;1;1;;;;1
11/10/2017;04:14:00;2;sem vítima;9,9;BR-116/RJ;Sul;Atropelamento de Animal;1;1;;;;;1
18/10/2017;07:44:00;7;com vítima;29,2;BR-116/RJ;Norte;Tombamento;1;0;1;;;;1
19/10/2017;13:04:00;21;com vítima;137,8;BR-116/RJ;Norte;Saida de Pista;1;0;;1;;;2
27/10/2017;21:30:00;65;com vítima;122,4;BR-116/RJ;Sul;Colisão Lateral;1;1;;1;;;2
27/10/2017;08:04:00;7;sem vítima;129,65;BR-116/RJ;Sul;Colisão Traseira;1;2;;;;;1
29/10/2017;10:34:00;26;sem vítima;137,45;BR-116/RJ;Sul;Colisão Lateral;1;2;;;;;1
30/10/2017;03:12:00;6;com vítima;137,6;BR-116/RJ;Sul;Colisão Traseira;1;2;2;1;;;2
31/10/2017;15:18:00;37;com vítima;87,4;BR-116/RJ;Norte;Colisão Traseira;1;1;1;;;;1
31/10/2017;13:49:00;33;com vítima;104,3;BR-116/RJ;Norte;Tombamento;1;0;2;;;;1
02/11/2017;10:29:00;21;com vítima;126,95;BR-116/RJ;Sul;Colisão Traseira;1;1;2;;;;1
06/11/2017;01:17:00;2;com vítima;18,95;BR-116/RJ;Norte;Colisão Lateral;1;1;;1;;;2
07/11/2017;17:55:00;33;sem vítima;47,5;BR-116/RJ;Norte;Colisão Lateral;1;2;;;;;1
13/11/2017;16:40:00;44;sem vítima;28,9;BR-116/RJ;Norte;Colisão Traseira;2;2;;;;;1
13/11/2017;07:30:00;8;com vítima;115,5;BR-116/RJ;Sul;Colisão Transversal;1;1;1;;;;1
14/11/2017;16:40:00;30;sem vítima;85,9;BR-116/RJ;Norte;Colisão Traseira;1;2;;;;;1
15/11/2017;15:33:00;36;com vítima;94,1;BR-116/RJ;Sul;Tombamento;1;0;;1;;;2
16/11/2017;09:26:00;20;sem vítima;94,15;BR-116/RJ;Sul;Colisão Traseira;1;2;;;;;1
16/11/2017;07:50:00;13;sem vítima;94,2;BR-116/RJ;Sul;Tombamento;1;1;;;;;1
17/11/2017;18:00:00;52;sem vítima;85,05;BR-116/RJ;Norte;Choque - Outros;1;1;;;;;1
22/11/2017;21:19:00;66;com vítima;13,05;BR-116/RJ;Norte;Tombamento;1;0;1;;;;1
23/11/2017;03:09:00;8;com vítima;114,3;BR-116/RJ;Sul;Engavetamento;2;2;;1;;;2
23/11/2017;01:29:00;4;sem vítima;144;BR-116/RJ;Sul;Atropelamento de Animal;1;1;;;;;1
25/11/2017;08:56:00;15;com vítima;137,7;BR-116/RJ;Norte;Engavetamento;2;0;4;;;;1
26/11/2017;15:30:00;43;sem vítima;28,5;BR-116/RJ;Norte;Colisão Traseira;1;2;;;;;1
27/11/2017;08:08:00;13;com vítima;122,9;BR-116/RJ;Norte;Colisão Traseira;2;1;;1;;;2
27/11/2017;14:32:00;33;com vítima;142,35;BR-116/RJ;Norte;Colisão Traseira;1;2;1;;;;1
28/11/2017;10:32:00;16;sem vítima;91,7;BR-116/RJ;Norte;Colisão Lateral;1;2;;;;;1
29/11/2017;09:58:00;9;com vítima;29,6;BR-116/RJ;Norte;Colisão Traseira;2;0;2;;;;1
29/11/2017;18:57:00;32;sem vítima;129,2;BR-116/RJ;Norte;Colisão Traseira;1;2;;;;;1
30/11/2017;09:46:00;9;sem vítima;29,2;BR-116/RJ;Norte;Colisão Lateral;2;2;;;;;1
30/11/2017;09:05:00;6;com vítima;79,9;BR-116/RJ;Sul;Colisão Transversal;1;1;1;;;;1
14/12/2017;03:12:00;3;sem vítima;27,3;BR-116/RJ;Sul;Colisão Lateral;1;2;;;;;1
22/12/2017;21:40:00;81;com vítima;28,95;BR-116/RJ;Sul;Tombamento;1;0;1;;;;1
22/12/2017;11:36:00;21;com vítima;38,6;BR-116/RJ;Norte;Colisão Transversal;1;1;;1;1;;2
14/12/2017;15:10:00;25;sem vítima;39;BR-116/RJ;Norte;Colisão Lateral;1;2;;;;;1
19/12/2017;03:39:00;3;com vítima;54,05;BR-116/RJ;Sul;Colisão Traseira;1;1;2;;;;1
01/12/2017;11:02:00;19;sem vítima;59,9;BR-116/RJ;Norte;Choque - Defensa, barreira ou "submarino";1;1;;;;;1
09/12/2017;16:37:00;42;com vítima;80,2;BR-116/RJ;Sul;Saida de Pista;1;0;2;;;;1
01/12/2017;13:03:00;26;com vítima;87,6;BR-116/RJ;Norte;Colisão Lateral;1;0;2;;;;1
21/12/2017;03:34:00;3;sem vítima;95,4;BR-116/RJ;Sul;Tombamento;1;1;;;;;1
09/12/2017;05:01:00;6;com vítima;101,7;BR-116/RJ;Sul;Colisão Traseira;1;1;1;;;;1
27/12/2017;23:55:00;71;sem vítima;122,3;BR-116/RJ;Sul;Colisão Traseira;1;2;;;;;1
12/12/2017;06:43:00;9;com vítima;122,6;BR-116/RJ;Sul;Colisão Lateral;1;1;1;;;;1
11/12/2017;11:24:00;23;com vítima;130,4;BR-116/RJ;Norte;Colisão Lateral;1;1;1;;;;1
29/12/2017;20:19:00;40;com vítima;131,2;BR-116/RJ;Sul;Colisão Traseira;1;1;;1;;;2
29/12/2017;20:00:00;38;sem vítima;131,4;BR-116/RJ;Norte;Choque - Defensa, barreira ou "submarino";1;1;;;;;1
16/12/2017;13:21:00;35;sem vítima;133;BR-116/RJ;Sul;Colisão Lateral;1;2;;;;;1
22/12/2017;14:35:00;30;sem vítima;133,5;BR-116/RJ;Norte;Colisão Lateral;1;2;;;;;1
20/12/2017;12:00:00;29;sem vítima;137,7;BR-116/RJ;Sul;Engavetamento;1;3;;;;;1
03/01/2018;04:52:00;5;com vítima;72,6;BR-116/RJ;Sul;Colisão Lateral;1;0;2;;;;1
03/01/2018;08:04:00;11;com vítima;141,62;BR-116/RJ;Sul;Colisão Lateral;2;1;1;;;;1
06/01/2018;07:30:00;9;sem vítima;29;BR-116/RJ;Norte;Colisão Traseira;1;2;;;;;1
07/01/2018;14:03:00;28;sem vítima;100,1;BR-116/RJ;Norte;Colisão Lateral;1;2;;;;;1
07/01/2018;18:46:00;48;sem vítima;125,4;BR-116/RJ;Norte;Choque - Defensa, barreira ou "submarino";1;1;;;;;1
08/01/2018;18:58:00;44;sem vítima;125,5;BR-116/RJ;Norte;Choque - Defensa, barreira ou "submarino";1;1;;;;;1
08/01/2018;09:28:00;15;sem vítima;143,1;BR-116/RJ;Sul;Colisão Traseira;1;2;;;;;1
09/01/2018;16:50:00;50;com vítima;93,7;BR-116/RJ;Sul;Colisão Traseira;2;2;;;1;1;3
10/01/2018;10:00:00;12;com vítima;76,5;BR-116/RJ;Norte;Colisão Transversal;1;0;5;;;;1
11/01/2018;17:51:00;56;com vítima;126,3;BR-116/RJ;Sul;Colisão Traseira;2;1;1;;;;1
12/01/2018;19:16:00;54;sem vítima;144;BR-116/RJ;Sul;Tombamento;1;1;;;;;1
17/01/2018;10:46:00;24;com vítima;82,95;BR-116/RJ;Sul;Choque - Defensa, barreira ou "submarino";2;0;1;1;;;2
20/01/2018;18:47:00;63;com vítima;72,8;BR-116/RJ;Norte;Colisão Frontal;1;0;1;;1;;2
22/01/2018;05:55:00;6;com vítima;102,95;BR-116/RJ;Sul;Tombamento;1;0;;1;;1;3
23/01/2018;20:50:00;66;com vítima;85,8;BR-116/RJ;Norte;Colisão Lateral;1;0;3;1;;;2
24/01/2018;07:35:00;9;sem vítima;143,2;BR-116/RJ;Norte;Choque - Defensa, barreira ou "submarino";1;1;;;;;1
27/01/2018;21:49:00;65;com vítima;8,1;BR-116/RJ;Norte;Saida de Pista;1;0;;1;;;2
29/01/2018;19:50:00;55;sem vítima;124,5;BR-116/RJ;Norte;Colisão Traseira;1;2;;;;;1
30/01/2018;15:53:00;43;sem vítima;99;BR-116/RJ;Norte;Colisão Traseira;1;2;;;;;1
31/01/2018;14:36:00;25;com vítima;7,7;BR-116/RJ;Sul;Colisão Lateral;2;0;7;;;;1
04/08/2017;16:14:00;22;com vítima;90,25;BR-116/RJ;Norte;Colisão Lateral;1;1;2;;;;1
05/08/2017;09:10:00;15;com vítima;131,25;BR-116/RJ;Sul;Colisão Lateral;1;1;2;;;;1
09/08/2017;08:09:00;10;sem vítima;142,8;BR-116/RJ;Sul;Colisão Traseira;1;2;;;;;1
11/08/2017;17:37:00;34;com vítima;40,1;BR-116/RJ;Sul;Colisão Transversal;1;1;1;;;;1
17/08/2017;20:44:00;48;com vítima;110,3;BR-116/RJ;Norte;Colisão Traseira;1;1;1;;;;1
21/08/2017;00:49:00;5;sem vítima;75,4;BR-116/RJ;Sul;Choque - Defensa, barreira ou "submarino";1;1;;;;;1
21/08/2017;19:38:00;59;sem vítima;141,85;BR-116/RJ;Sul;Colisão Lateral;1;2;;;;;1
21/08/2017;18:24:00;52;com vítima;143,6;BR-116/RJ;Sul;Colisão Traseira;1;1;1;;;;1
24/08/2017;17:00:00;37;com vítima;106;BR-116/RJ;Norte;Colisão Traseira;1;1;2;;;;1
27/08/2017;19:50:00;33;com vítima;73,2;BR-116/RJ;Sul;Colisão Lateral;1;2;1;;1;;2
28/08/2017;05:40:00;7;com vítima;97,85;BR-116/RJ;Sul;Tombamento;1;0;4;;;;1
28/08/2017;10:02:00;14;com vítima;142,95;BR-116/RJ;Norte;Colisão Lateral;1;1;1;;;;1
30/08/2017;05:07:00;4;sem vítima;104,8;BR-116/RJ;Norte;Choque - Defensa, barreira ou "submarino";1;2;;;;;1
31/08/2017;07:24:00;4;com vítima;133,5;BR-116/RJ;Norte;Tombamento;1;1;;1;;;2
31/08/2017;11:14:00;14;com vítima;139,9;BR-116/RJ;Sul;Tombamento;1;0;1;;;;1
25/02/2018;21:12:00;45;com vítima;12,6;BR-116/RJ;Sul;Choque - Defensa, barreira ou "submarino";1;0;;1;;;2
28/02/2018;04:15:00;5;sem vítima;28,9;BR-116/RJ;Sul;Choque - Defensa, barreira ou "submarino";1;1;;;;;1
21/02/2018;04:13:00;3;sem vítima;35,5;BR-116/RJ;Sul;Atropelamento de Animal;1;1;;;;;1
21/02/2018;08:16:00;11;sem vítima;40,2;BR-116/RJ;Sul;Choque - Veiculo parado no acostamento;2;3;;;;;1
15/02/2018;14:55:00;40;com vítima;50,3;BR-116/RJ;Norte;Colisão Traseira;1;1;4;;;;1
26/02/2018;20:50:00;58;com vítima;53,3;BR-116/RJ;Norte;Colisão Lateral;1;0;2;;;;1
10/02/2018;16:26:00;72;com vítima;66,15;BR-116/RJ;Sul;Queda de Moto;1;1;;1;;;2
06/02/2018;08:08:00;9;com vítima;71,1;BR-116/RJ;Norte;Colisão Frontal;1;0;2;1;;;2
06/02/2018;10:20:00;16;com vítima;72,4;BR-116/RJ;Sul;Tombamento;1;0;2;;;;1
18/02/2018;18:03:00;38;sem vítima;75,3;BR-116/RJ;Norte;Choque - Defensa, barreira ou "submarino";1;1;;;;;1
05/02/2018;17:07:00;31;com vítima;76;BR-116/RJ;Sul;Colisão Transversal;1;0;2;;;;1
27/02/2018;00:01:00;1;sem vítima;78;BR-116/RJ;Sul;Colisão Traseira;1;2;;;;;1
03/02/2018;03:24:00;5;com vítima;79,3;BR-116/RJ;Sul;Colisão Lateral;1;1;1;;;;1
05/02/2018;15:27:00;21;com vítima;87,95;BR-116/RJ;Sul;Saida de Pista;1;0;1;;;;1
22/02/2018;21:00:00;61;sem vítima;93,5;BR-116/RJ;Sul;Choque - Defensa, barreira ou "submarino";1;1;;;;;1
09/02/2018;09:09:00;19;com vítima;95,25;BR-116/RJ;Norte;Saida de Pista;1;0;;1;;;2
19/02/2018;13:18:00;39;com vítima;95,8;BR-116/RJ;Norte;Queda de Moto;1;1;;1;;;2
12/02/2018;12:20:00;28;com vítima;99,3;BR-116/RJ;Norte;Tombamento;1;0;;1;;;2
09/02/2018;01:32:00;3;com vítima;102,4;BR-116/RJ;Sul;Colisão Traseira;2;0;2;;;;1
28/02/2018;12:58:00;28;com vítima;104,3;BR-116/RJ;Norte;Colisão Transversal;1;0;3;;;;1
09/02/2018;10:30:00;23;com vítima;104,8;BR-116/RJ;Sul;Tombamento;1;0;1;;;;1
02/02/2018;10:56:00;16;com vítima;122,9;BR-116/RJ;Sul;Choque - Veiculo parado no acostamento;1;0;2;;;;1
27/02/2018;13:44:00;25;com vítima;124;BR-116/RJ;Sul;Colisão Traseira;1;1;1;;;;1
01/02/2018;07:06:00;8;com vítima;128;BR-116/RJ;Sul;Colisão Traseira;1;2;1;;;;1
06/02/2018;06:46:00;4;sem vítima;129,6;BR-116/RJ;Sul;Colisão Lateral;1;2;;;;;1
22/02/2018;10:50:00;16;sem vítima;133,5;BR-116/RJ;Sul;Colisão Lateral;1;2;;;;;1
04/02/2018;22:56:00;47;sem vítima;135,5;BR-116/RJ;Sul;Colisão Traseira;1;2;;;;;1
27/02/2018;12:22:00;21;sem vítima;138;BR-116/RJ;Sul;Colisão Traseira;1;2;;;;;1
03/02/2018;09:22:00;20;com vítima;138,1;BR-116/RJ;Sul;Engavetamento;2;3;3;;;;1
01/03/2018;12:26:00;37;com vítima;144,1;BR-116/RJ;Norte;Colisão Traseira;1;1;1;;;;1
02/03/2018;07:48:00;12;sem vítima;102;BR-116/RJ;Sul;Engavetamento;1;3;;;;;1
02/03/2018;21:21:00;84;sem vítima;122;BR-116/RJ;Sul;Engavetamento;1;3;;;;;1
02/03/2018;11:53:00;32;sem vítima;137,55;BR-116/RJ;Norte;Colisão Lateral;1;2;;;;;1
03/03/2018;14:42:00;41;com vítima;70,8;BR-116/RJ;Norte;Colisão Traseira;1;0;2;;;;1
05/03/2018;13:20:00;35;com vítima;84,1;BR-116/RJ;Norte;Colisão Traseira;1;1;1;;;;1
05/03/2018;18:13:00;57;sem vítima;137,3;BR-116/RJ;Norte;Colisão Lateral;1;7;;;;;1
06/03/2018;23:01:00;52;sem vítima;92,9;BR-116/RJ;Sul;Choque - Defensa, barreira ou "submarino";1;2;;;;;1
06/03/2018;09:31:00;16;com vítima;133,5;BR-116/RJ;Norte;Colisão Traseira;2;1;1;;;;1
06/03/2018;07:14:00;10;sem vítima;143;BR-116/RJ;Sul;Colisão Traseira;1;2;;;;;1
07/03/2018;22:29:00;51;com vítima;98,7;BR-116/RJ;Sul;Tombamento;1;0;2;;;;1
08/03/2018;22:01:00;37;com vítima;78,1;BR-116/RJ;Norte;Colisão Frontal;1;0;1;;1;;2
08/03/2018;05:55:00;4;sem vítima;143,8;BR-116/RJ;Sul;Colisão Traseira;1;2;;;;;1
09/03/2018;09:57:00;19;com vítima;13,2;BR-116/RJ;Norte;Colisão Frontal;1;4;;;1;;2
11/03/2018;16:45:00;36;com vítima;43,1;BR-116/RJ;Norte;Tombamento;1;0;2;;;;1
12/03/2018;06:35:00;10;sem vítima;133,05;BR-116/RJ;Norte;Choque - Veiculo parado no acostamento;1;2;;;;;1
12/03/2018;14:25:00;43;sem vítima;138;BR-116/RJ;Sul;Colisão Lateral;1;2;;;;;1
13/03/2018;05:41:00;8;com vítima;133,8;BR-116/RJ;Norte;Colisão Traseira;1;2;1;;;;1
13/03/2018;11:55:00;25;sem vítima;143,5;BR-116/RJ;Norte;Colisão Traseira;2;3;;;;;1
14/03/2018;01:06:00;3;com vítima;93;BR-116/RJ;Sul;Colisão Traseira;2;1;2;;;;1
15/03/2018;04:50:00;4;sem vítima;122;BR-116/RJ;Norte;Colisão Lateral;1;2;;;;;1
16/03/2018;22:45:00;75;com vítima;123,2;BR-116/RJ;Sul;Colisão Traseira;1;1;;;3;;2
18/03/2018;23:07:00;70;com vítima;70,3;BR-116/RJ;Sul;Colisão Lateral;1;0;1;1;5;;2
19/03/2018;21:30:00;59;com vítima;117,4;BR-116/RJ;Sul;Colisão Traseira;1;3;1;;;;1
20/03/2018;14:47:00;24;sem vítima;95,3;BR-116/RJ;Norte;Saida de Pista;1;1;;;;;1
21/03/2018;13:20:00;26;com vítima;80;BR-116/RJ;Norte;Colisão Traseira;1;1;;1;;;2
22/03/2018;17:22:00;40;sem vítima;23,5;BR-116/RJ;Norte;Choque - Defensa, barreira ou "submarino";1;2;;;;;1
23/03/2018;17:26:00;46;com vítima;10,8;BR-116/RJ;Norte;Colisão Traseira;1;2;;1;1;;2
23/03/2018;16:50:00;45;com vítima;137,6;BR-116/RJ;Norte;Colisão Traseira;2;0;2;;;;1
25/03/2018;19:39:00;44;sem vítima;133,5;BR-116/RJ;Sul;Colisão Lateral;1;6;;;;;1
28/03/2018;19:15:00;60;com vítima;29,8;BR-116/RJ;Norte;Colisão Traseira;1;0;5;;;;1
28/03/2018;20:52:00;67;com vítima;78,2;BR-116/RJ;Sul;Colisão Lateral;1;0;2;;;;1
28/03/2018;19:39:00;63;com vítima;99,3;BR-116/RJ;Sul;Colisão Traseira;2;1;2;;;;1
29/03/2018;06:33:00;5;com vítima;27,6;BR-116/RJ;Norte;Colisão Lateral;1;1;;;1;;2
29/03/2018;12:00:00;19;sem vítima;137,4;BR-116/RJ;Norte;Colisão Traseira;1;2;;;;;1
30/03/2018;17:49:00;61;com vítima;7,5;BR-116/RJ;Sul;Colisão Lateral;1;0;1;;1;;2
02/04/2018;04:00:00;5;com vítima;142;BR-116/RJ;Sul;Choque - Defensa, barreira ou "submarino";1;3;1;1;;;2
03/04/2018;21:30:00;63;sem vítima;103,9;BR-116/RJ;Norte;Colisão Traseira;1;2;;;;;1
04/04/2018;10:02:00;28;sem vítima;62,8;BR-116/RJ;Sul;Colisão Lateral;1;2;;;;;1
04/04/2018;05:53:00;14;com vítima;74,7;BR-116/RJ;Sul;Saida de Pista;1;1;1;;;;1
06/04/2018;13:02:00;23;sem vítima;91;BR-116/RJ;Norte;Colisão Traseira;1;3;;;;;1
06/04/2018;09:00:00;10;sem vítima;133,5;BR-116/RJ;Sul;Colisão Traseira;1;2;;;;;1
06/04/2018;21:33:00;59;sem vítima;144;BR-116/RJ;Sul;Colisão Transversal;1;6;;;;;1
07/04/2018;06:17:00;9;com vítima;118,5;BR-116/RJ;Norte;Colisão Traseira;1;3;1;1;;;2
09/04/2018;17:39:00;47;com vítima;137,45;BR-116/RJ;Norte;Colisão Lateral;1;1;1;1;;;2
11/04/2018;13:58:00;23;sem vítima;119,9;BR-116/RJ;Norte;Choque - Veiculo parado no acostamento;2;2;;;;;1
11/04/2018;10:12:00;15;sem vítima;139,75;BR-116/RJ;Sul;Colisão Traseira;2;3;;;;;1
12/04/2018;11:00:00;16;sem vítima;143,2;BR-116/RJ;Sul;Colisão Traseira;1;2;;;;;1
15/04/2018;22:47:00;52;com vítima;108;BR-116/RJ;Sul;Colisão Traseira;1;1;;1;;;2
16/04/2018;10:25:00;14;com vítima;5,7;BR-116/RJ;Sul;Tombamento;1;0;1;;;;1
18/04/2018;10:04:00;13;com vítima;78,1;BR-116/RJ;Sul;Colisão Frontal;1;1;2;;;;1
20/04/2018;19:51:00;73;com vítima;106,7;BR-116/RJ;Norte;Colisão Traseira;1;0;1;1;;;2
25/04/2018;17:05:00;46;sem vítima;143,5;BR-116/RJ;Sul;Colisão Traseira;1;2;;;;;1
27/04/2018;14:00:00;21;com vítima;79,3;BR-116/RJ;Sul;Colisão Lateral;1;4;;2;;;2
30/04/2018;13:07:00;29;com vítima;143;BR-116/RJ;Norte;Colisão Lateral;1;1;2;;;;1
01/05/2018;02:08:00;2;sem vítima;144,6;BR-116/RJ;Sul;Colisão Traseira;1;2;;;;;1
02/05/2018;16:07:00;31;sem vítima;122,3;BR-116/RJ;Sul;Colisão Lateral;1;2;;;;;1
03/05/2018;22:29:00;56;com vítima;107;BR-116/RJ;Norte;Colisão Lateral;1;1;1;;;;1
06/05/2018;01:00:00;2;sem vítima;114,7;BR-116/RJ;Norte;Choque - Defensa, barreira ou "submarino";1;1;;;;;1
07/05/2018;07:28:00;7;sem vítima;2,4;BR-116/RJ;Sul;Choque - Defensa, barreira ou "submarino";1;1;;;;;1