data;horario;n_da_ocorrencia;tipo_de_ocorrencia;km;trecho;sentido;tipo_de_acidente;caminhao;ilesos;levemente_feridos;moderadamente_feridos;gravemente_feridos;mortos;3
15/01/2020;04:20:00;3;sem vítima;114;BR-116/RJ;Sul;Capotamento;1;1;;;;;1
16/01/2020;16:46:00;39;com vítima;28,2;BR-116/RJ;Norte;Tombamento;1;0;3;;;;1
18/01/2020;07:39:00;18;com vítima;84,1;BR-116/RJ;Sul;Choque - Veiculo parado no acostamento;1;3;1;;;;1
18/01/2020;07:53:00;21;com vítima;133,5;BR-116/RJ;Norte;Colisão Traseira;1;0;4;;;;1
18/01/2020;14:10:00;47;com vítima;142,9;BR-116/RJ;Norte;Colisão Traseira;1;1;1;;;;1
23/01/2020;19:55:00;48;com vítima;102;BR-116/RJ;Sul;Queda de Moto;1;0;1;;;;1
24/01/2020;04:30:00;5;sem vítima;58,1;BR-116/RJ;Norte;Choque - Defensa, barreira ou "submarino";2;2;;;;;1
25/01/2020;21:53:00;57;sem vítima;22,8;BR-116/RJ;Norte;Saida de Pista;1;1;;;;;1
25/01/2020;15:00:00;35;com vítima;40,2;BR-116/RJ;Sul;Colisão Transversal;1;1;3;;;;1
25/01/2020;21:09:00;55;com vítima;140,5;BR-116/RJ;Norte;Queda de Moto;1;0;1;;;;1
27/01/2020;02:48:00;7;com vítima;43,7;BR-116/RJ;Norte;Saida de Pista;1;0;;1;1;;2
28/01/2020;07:00:00;9;com vítima;38,6;BR-116/RJ;Sul;Colisão Traseira;2;1;1;;;;1
29/01/2020;14:23:00;37;com vítima;93,8;BR-116/RJ;Norte;Engavetamento;1;0;7;;;;1
30/01/2020;12:37:00;24;com vítima;138,5;BR-116/RJ;Norte;Engavetamento;1;2;1;;;;1
03/07/2020;16:37:00;46;sem vítima;143,2;BR-116/RJ;Sul;Colisão Lateral;1;2;;;;;1
06/07/2020;16:00:00;34;sem vítima;141,5;BR-116/RJ;Sul;Engavetamento;2;3;;;;;1
10/07/2020;05:53:00;2;sem vítima;75,6;BR-116/RJ;Norte;Saida de Pista;1;1;;;;;1
15/07/2020;08:41:00;8;sem vítima;27,8;BR-116/RJ;Norte;Tombamento;1;2;;;;;1
15/07/2020;07:42:00;6;sem vítima;93,4;BR-116/RJ;Sul;Choque - Defensa, barreira ou "submarino";1;1;;;;;1
15/07/2020;11:36:00;23;com vítima;143,8;BR-116/RJ;Norte;Colisão Traseira;1;1;;1;;;2
18/07/2020;20:29:00;35;sem vítima;27,3;BR-116/RJ;Norte;Tombamento;1;1;;;;;1
23/07/2020;14:52:00;27;com vítima;100;BR-116/RJ;Sul;Colisão Lateral;1;1;1;;;;1
24/07/2020;11:42:00;23;sem vítima;80,4;BR-116/RJ;Sul;Colisão Lateral;2;2;;;;;1
24/07/2020;07:27:00;11;com vítima;113;BR-116/RJ;Sul;Saida de Pista;1;0;1;1;;;2
25/07/2020;12:20:00;22;sem vítima;93,8;BR-116/RJ;Norte;Choque - Veiculo parado na pista;1;2;;;;;1
26/07/2020;19:09:00;37;sem vítima;140,5;BR-116/RJ;Sul;Colisão Lateral;1;2;;;;;1
29/07/2020;21:47:00;55;sem vítima;4,3;BR-116/RJ;Sul;Atropelamento de Animal;1;1;;;;;1
29/07/2020;17:39:00;46;sem vítima;125,3;BR-116/RJ;Norte;Tombamento;1;1;;;;;1
30/07/2020;04:26:00;2;com vítima;66,4;BR-116/RJ;Sul;Tombamento;1;0;1;1;;;2
30/07/2020;09:47:00;10;sem vítima;86,6;BR-116/RJ;Norte;Saida de Pista;1;2;;;;;1
30/07/2020;15:07:00;20;sem vítima;144;BR-116/RJ;Sul;Saida de Pista;1;2;;;;;1
01/06/2020;17:23:00;34;sem vítima;133,5;BR-116/RJ;Sul;Colisão Lateral;1;2;;;;;1
03/06/2020;20:47:00;43;com vítima;90;BR-116/RJ;Norte;Colisão Lateral;1;0;;1;;;2
05/06/2020;18:09:00;40;sem vítima;93,9;BR-116/RJ;Norte;Colisão Frontal;2;2;;;;;1
05/06/2020;16:18:00;35;sem vítima;107,95;BR-116/RJ;Sul;Colisão Frontal;1;4;;;;;1
05/06/2020;06:50:00;8;sem vítima;109,643;BR-116/RJ;Norte;Saida de Pista;2;3;;;;;1
16/06/2020;01:23:00;3;sem vítima;91,1;BR-116/RJ;Sul;Saida de Pista;1;1;;;;;1
18/06/2020;12:58:00;22;sem vítima;38,9;BR-116/RJ;Sul;Colisão Traseira;1;1;;;;;1
18/06/2020;14:17:00;39;sem vítima;127,55;BR-116/RJ;Norte;Colisão Lateral;2;2;;;;;1
25/06/2020;07:21:00;4;sem vítima;143,5;BR-116/RJ;Sul;Colisão Traseira;1;2;;;;;1
30/06/2020;00:35:00;2;sem vítima;49;BR-116/RJ;Sul;Colisão Traseira;2;2;;;;;1
01/05/2020;09:18:00;10;com vítima;24,6;BR-116/RJ;Norte;Choque - Veiculo parado no acostamento;1;0;1;;;;1
05/05/2020;18:53:00;32;sem vítima;40,2;BR-116/RJ;Sul;Colisão Frontal;2;3;;;;;1
11/05/2020;06:39:00;8;com vítima;73,8;BR-116/RJ;Norte;Colisão Lateral;1;0;2;;;;1
13/05/2020;19:24:00;41;com vítima;40,2;BR-116/RJ;Norte;Colisão Lateral;1;0;4;;;;1
13/05/2020;06:14:00;3;com vítima;130,85;BR-116/RJ;Sul;Queda de Moto;1;1;1;;;;1
16/05/2020;18:52:00;25;sem vítima;37,9;BR-116/RJ;Sul;Colisão Lateral;1;1;;;;;1
16/05/2020;05:21:00;6;com vítima;97,5;BR-116/RJ;Sul;Saida de Pista;1;0;1;1;;2;3
18/05/2020;19:29:00;37;com vítima;99,5;BR-116/RJ;Norte;Colisão Lateral;1;1;1;;;;1
20/05/2020;07:14:00;5;sem vítima;133,5;BR-116/RJ;Norte;Colisão Traseira;1;2;;;;;1
21/05/2020;06:33:00;6;com vítima;92,75;BR-116/RJ;Sul;Saida de Pista;1;0;;1;;;2
22/05/2020;15:15:00;27;sem vítima;143,7;BR-116/RJ;Norte;Queda de Moto;3;4;;;;;1
28/05/2020;07:18:00;4;com vítima;13,3;BR-116/RJ;Norte;Tombamento;1;0;;1;;;2
29/05/2020;23:01:00;42;com vítima;81,4;BR-116/RJ;Norte;Atropelamento - Pessoa;1;0;;1;;;2
30/05/2020;14:27:00;23;com vítima;143,5;BR-116/RJ;Sul;Colisão Lateral;1;0;2;;;;1
31/05/2020;14:02:00;16;com vítima;95,9;BR-116/RJ;Norte;Tombamento;1;0;;;;1;3
06/04/2020;00:10:00;2;com vítima;127,1;BR-116/RJ;Norte;Colisão Lateral;1;0;2;1;;;2
07/04/2020;16:55:00;32;sem vítima;122,7;BR-116/RJ;Sul;Colisão Lateral;1;2;;;;;1
08/04/2020;06:08:00;3;com vítima;132,5;BR-116/RJ;Sul;Colisão Frontal;1;1;1;;;;1
09/04/2020;07:15:00;6;com vítima;6,3;BR-116/RJ;Sul;Saida de Pista;1;1;1;;;;1
15/04/2020;10:15:00;7;sem vítima;105,3;BR-116/RJ;Norte;Colisão Lateral;1;2;;;;;1
24/04/2020;13:09:00;27;com vítima;141,5;BR-116/RJ;Norte;Engavetamento;2;2;1;;;;1
25/04/2020;19:40:00;28;sem vítima;41,1;BR-116/RJ;Sul;Colisão Lateral;1;2;;;;;1
27/04/2020;06:21:00;4;sem vítima;122,6;BR-116/RJ;Norte;Colisão Traseira;1;2;;;;;1
01/02/2020;10:18:00;29;com vítima;90,7;BR-116/RJ;Sul;Saida de Pista;1;0;;1;;;2
04/02/2020;21:55:00;54;com vítima;19,9;BR-116/RJ;Sul;Saida de Pista;1;0;3;;;;1
04/02/2020;22:00:00;53;sem vítima;85,5;BR-116/RJ;Norte;Choque - Defensa, barreira ou "submarino";1;1;;;;;1
05/02/2020;11:39:00;21;sem vítima;29,3;BR-116/RJ;Norte;Colisão Traseira;2;4;;;;;1
05/02/2020;15:52:00;34;com vítima;116,2;BR-116/RJ;Norte;Saida de Pista;1;1;8;;;;1
06/02/2020;08:47:00;14;com vítima;81,8;BR-116/RJ;Norte;Colisão Lateral;1;1;2;;;;1
06/02/2020;22:42:00;87;com vítima;99,3;BR-116/RJ;Norte;Saida de Pista;1;0;1;;;;1
06/02/2020;09:14:00;17;sem vítima;122,3;BR-116/RJ;Sul;Tombamento;1;2;;;;;1
06/02/2020;16:00:00;54;sem vítima;138;BR-116/RJ;Sul;Saida de Pista;1;3;;;;;1
08/02/2020;16:20:00;30;com vítima;106,3;BR-116/RJ;Norte;Saida de Pista;1;2;;;1;1;3
10/02/2020;16:25:00;39;com vítima;31,3;BR-116/RJ;Norte;Saida de Pista;2;2;1;;;;1
10/02/2020;23:23:00;69;com vítima;75,05;BR-116/RJ;Norte;Saida de Pista;1;1;1;;;;1
10/02/2020;12:48:00;30;sem vítima;101,9;BR-116/RJ;Sul;Colisão Traseira;1;2;;;;;1
11/02/2020;19:45:00;44;sem vítima;70,1;BR-116/RJ;Norte;Colisão Lateral;1;2;;;;;1
11/02/2020;00:50:00;4;sem vítima;86,7;BR-116/RJ;Norte;Choque - Defensa, barreira ou "submarino";1;2;;;;;1
11/02/2020;06:37:00;8;com vítima;135;BR-116/RJ;Sul;Colisão Lateral;1;1;1;;;;1
15/02/2020;04:26:00;12;sem vítima;144;BR-116/RJ;Sul;Colisão Lateral;1;2;;;;;1
16/02/2020;19:35:00;51;com vítima;104,6;BR-116/RJ;Norte;Saida de Pista;1;0;3;;;;1
18/02/2020;06:41:00;9;com vítima;137,5;BR-116/RJ;Sul;Engavetamento;1;3;;1;;;2
18/02/2020;08:16:00;15;sem vítima;143;BR-116/RJ;Sul;Engavetamento;2;4;;;;;1
20/02/2020;19:21:00;70;com vítima;70;BR-116/RJ;Norte;Colisão Lateral;1;0;1;;;;1
22/02/2020;08:59:00;34;com vítima;93,5;BR-116/RJ;Sul;Engavetamento;1;1;3;;;;1
22/02/2020;10:10:00;39;sem vítima;93,5;BR-116/RJ;Sul;Colisão Lateral;1;2;;;;;1
05/08/2020;11:00:00;14;3 - Acidente com Vitima Sem Lesão;93;BR-116/RJ;Sul;Engavetamento;1;3;;;;;1
06/08/2020;04:26:00;3;3 - Acidente com Vitima Sem Lesão;75,9;BR-116/RJ;Norte;Atropelamento de Animal;1;1;;;;;1
07/08/2020;00:00:00;1;3 - Acidente com Vitima Sem Lesão;129,3;BR-116/RJ;Sul;Colisão Lateral;1;2;;;;;1
08/08/2020;15:13:00;28;3 - Acidente com Vitima Sem Lesão;99,5;BR-116/RJ;Norte;Colisão Lateral;1;2;;;;;1
14/08/2020;21:20:00;60;2 - Acidente com Vitima;49,4;BR-116/RJ;Norte;Colisão Traseira;1;1;1;;;;1
14/08/2020;16:00:00;39;2 - Acidente com Vitima;132,55;BR-116/RJ;Norte;Engavetamento;1;3;3;;;;1
14/08/2020;08:08:00;7;3 - Acidente com Vitima Sem Lesão;143,5;BR-116/RJ;Sul;Colisão Traseira;1;2;;;;;1
14/08/2020;04:02:00;2;3 - Acidente com Vitima Sem Lesão;144;BR-116/RJ;Sul;Tombamento;1;1;;;;;1
15/08/2020;02:24:00;3;3 - Acidente com Vitima Sem Lesão;52,6;BR-116/RJ;Sul;Colisão Lateral;1;2;;;;;1
18/08/2020;08:56:00;14;3 - Acidente com Vitima Sem Lesão;139,8;BR-116/RJ;Norte;Engavetamento;3;4;;;;;1
20/08/2020;00:01:00;1;1 - Acidente com Vitima Fatal;29,5;BR-116/RJ;Sul;Tombamento;1;0;;;1;1;3
20/08/2020;17:13:00;44;3 - Acidente com Vitima Sem Lesão;84,3;BR-116/RJ;Sul;Saida de Pista;1;1;;;;;1
25/08/2020;16:00:00;34;2 - Acidente com Vitima;137,6;BR-116/RJ;Norte;Engavetamento;2;4;;2;;;2
25/08/2020;06:05:00;5;2 - Acidente com Vitima;138,35;BR-116/RJ;Sul;Engavetamento;1;3;2;1;;;2
26/08/2020;13:42:00;28;3 - Acidente com Vitima Sem Lesão;91,5;BR-116/RJ;Norte;Colisão Lateral;2;2;;;;;1
28/08/2020;14:10:00;24;3 - Acidente com Vitima Sem Lesão;99,3;BR-116/RJ;Norte;Choque - Defensa, barreira ou "submarino";1;1;;;;;1
02/09/2020;15:35:00;22;3 - Acidente com Vitima Sem Lesão;7,7;BR-116/RJ;Norte;Saida de Pista;1;1;;;;;1
03/09/2020;12:03:00;15;3 - Acidente com Vitima Sem Lesão;104,05;BR-116/RJ;Norte;Engavetamento;1;4;;;;;1
04/09/2020;10:10:00;21;3 - Acidente com Vitima Sem Lesão;124;BR-116/RJ;Sul;Engavetamento;1;4;;;;;1
09/09/2020;00:35:00;2;2 - Acidente com Vitima;27,65;BR-116/RJ;Norte;Tombamento;1;0;;1;;;2
10/09/2020;08:18:00;7;3 - Acidente com Vitima Sem Lesão;93,5;BR-116/RJ;Norte;Colisão Traseira;2;2;;;;;1
11/09/2020;19:20:00;60;3 - Acidente com Vitima Sem Lesão;29;BR-116/RJ;Sul;Colisão Lateral;1;2;;;;;1
11/09/2020;09:05:00;16;3 - Acidente com Vitima Sem Lesão;97;BR-116/RJ;Sul;Colisão Lateral;1;2;;;;;1
13/09/2020;10:31:00;18;3 - Acidente com Vitima Sem Lesão;133,5;BR-116/RJ;Norte;Colisão Lateral;1;2;;;;;1
15/09/2020;09:10:00;16;3 - Acidente com Vitima Sem Lesão;84;BR-116/RJ;Norte;Saida de Pista;1;1;;;;;1
15/09/2020;12:54:00;33;2 - Acidente com Vitima;95,1;BR-116/RJ;Sul;Saida de Pista;1;1;;1;;;2
16/09/2020;10:59:00;9;3 - Acidente com Vitima Sem Lesão;122,7;BR-116/RJ;Norte;Colisão Lateral;1;2;;;;;1
17/09/2020;20:49:00;50;3 - Acidente com Vitima Sem Lesão;5,1;BR-116/RJ;Norte;Atropelamento de Animal;1;1;;;;;1
18/09/2020;20:13:00;67;2 - Acidente com Vitima;53,1;BR-116/RJ;Sul;Colisão Traseira;2;1;;1;;;2
18/09/2020;15:57:00;49;3 - Acidente com Vitima Sem Lesão;144;BR-116/RJ;Sul;Tombamento;1;1;;;;;1
21/09/2020;18:30:00;47;3 - Acidente com Vitima Sem Lesão;95,3;BR-116/RJ;Sul;Saida de Pista;1;1;;;;;1
21/09/2020;05:49:00;7;3 - Acidente com Vitima Sem Lesão;127;BR-116/RJ;Sul;Tombamento;1;1;;;;;1
22/09/2020;03:41:00;4;3 - Acidente com Vitima Sem Lesão;25,2;BR-116/RJ;Sul;Tombamento;1;1;;;;;1
22/09/2020;13:55:00;24;3 - Acidente com Vitima Sem Lesão;125,5;BR-116/RJ;Sul;Colisão Traseira;1;2;;;;;1
23/09/2020;06:57:00;3;3 - Acidente com Vitima Sem Lesão;72;BR-116/RJ;Norte;Colisão Lateral;1;2;;;;;1
25/09/2020;06:35:00;5;3 - Acidente com Vitima Sem Lesão;140,8;BR-116/RJ;Sul;Colisão Traseira;1;2;;;;;1
29/09/2020;19:45:00;41;3 - Acidente com Vitima Sem Lesão;94,6;BR-116/RJ;Norte;Colisão Lateral;1;2;;;;;1
29/09/2020;17:11:00;35;2 - Acidente com Vitima;114,9;BR-116/RJ;Sul;Colisão Frontal;1;1;;1;;;2
29/09/2020;08:59:00;12;3 - Acidente com Vitima Sem Lesão;141;BR-116/RJ;Norte;Colisão Traseira;1;2;;;;;1
05/10/2020;15:09:00;38;3 - Acidente com Vitima Sem Lesão;22,4;BR-116/RJ;Sul;Tombamento;1;1;;;;;1
06/10/2020;12:26:00;34;3 - Acidente com Vitima Sem Lesão;86,1;BR-116/RJ;Norte;Saida de Pista;1;1;;;;;1
06/10/2020;05:30:00;5;3 - Acidente com Vitima Sem Lesão;137,7;BR-116/RJ;Sul;Colisão Lateral;1;2;;;;;1
08/10/2020;22:05:00;51;3 - Acidente com Vitima Sem Lesão;24,05;BR-116/RJ;Sul;Tombamento;1;1;;;;;1
08/10/2020;00:48:00;1;3 - Acidente com Vitima Sem Lesão;97,6;BR-116/RJ;Norte;Colisão Lateral;1;2;;;;;1
08/10/2020;22:04:00;50;3 - Acidente com Vitima Sem Lesão;101,4;BR-116/RJ;Sul;Tombamento;1;2;;;;;1
10/10/2020;13:19:00;37;2 - Acidente com Vitima;63,1;BR-116/RJ;Norte;Tombamento;1;4;;1;;;2
15/10/2020;15:05:00;32;2 - Acidente com Vitima;40;BR-116/RJ;Sul;Colisão Transversal;1;3;;;1;;2
15/10/2020;06:00:00;2;2 - Acidente com Vitima;86,9;BR-116/RJ;Sul;Colisão Lateral;1;4;;3;;;2
15/10/2020;08:49:00;11;2 - Acidente com Vitima;143,8;BR-116/RJ;Sul;Colisão Lateral;2;3;;1;;;2
17/10/2020;05:56:00;7;2 - Acidente com Vitima;6,5;BR-116/RJ;Sul;Engavetamento;1;1;1;;;;1
17/10/2020;12:38:00;27;3 - Acidente com Vitima Sem Lesão;92;BR-116/RJ;Norte;Saida de Pista;1;1;;;;;1
17/10/2020;11:50:00;25;3 - Acidente com Vitima Sem Lesão;104,2;BR-116/RJ;Norte;Colisão Lateral;1;2;;;;;1
20/10/2020;15:20:00;26;3 - Acidente com Vitima Sem Lesão;89,1;BR-116/RJ;Norte;Colisão Traseira;1;2;;;;;1
21/10/2020;08:44:00;14;3 - Acidente com Vitima Sem Lesão;132,8;BR-116/RJ;Norte;Choque - Veiculo parado no acostamento;1;2;;;;;1
22/10/2020;17:25:00;49;2 - Acidente com Vitima;78,95;BR-116/RJ;Sul;Colisão Transversal;1;1;;1;;;2
26/10/2020;13:44:00;37;3 - Acidente com Vitima Sem Lesão;94,1;BR-116/RJ;Sul;Colisão Lateral;1;6;;;;;1
29/10/2020;07:26:00;11;3 - Acidente com Vitima Sem Lesão;35,1;BR-116/RJ;Norte;Tombamento;1;1;;;;;1
03/11/2020;12:39:00;28;3 - Acidente com Vitima Sem Lesão;140;BR-116/RJ;Norte;Colisão Lateral;1;2;;;;;1
04/11/2020;06:35:00;6;3 - Acidente com Vitima Sem Lesão;128,05;BR-116/RJ;Sul;Colisão Lateral;1;2;;;;;1
10/11/2020;12:09:00;21;3 - Acidente com Vitima Sem Lesão;129,8;BR-116/RJ;Norte;Saida de Pista;1;2;;;;;1
11/11/2020;03:04:00;3;3 - Acidente com Vitima Sem Lesão;121,05;BR-116/RJ;Sul;Saida de Pista;1;1;;;;;1
12/11/2020;05:59:00;6;2 - Acidente com Vitima;102,7;BR-116/RJ;Sul;Colisão Lateral;1;1;;4;;;2
12/11/2020;01:19:00;1;3 - Acidente com Vitima Sem Lesão;107,6;BR-116/RJ;Norte;Choque - Defensa, barreira ou "submarino";1;2;;;;;1
16/11/2020;12:04:00;27;3 - Acidente com Vitima Sem Lesão;26,3;BR-116/RJ;Sul;Tombamento;1;1;;;;;1
17/11/2020;05:03:00;2;3 - Acidente com Vitima Sem Lesão;43,3;BR-116/RJ;Sul;Tombamento;1;1;;;;;1
18/11/2020;12:37:00;26;3 - Acidente com Vitima Sem Lesão;36;BR-116/RJ;Sul;Saida de Pista;1;1;;;;;1
18/11/2020;18:23:00;39;3 - Acidente com Vitima Sem Lesão;90,05;BR-116/RJ;Norte;Colisão Traseira;1;2;;;;;1
18/11/2020;09:37:00;14;3 - Acidente com Vitima Sem Lesão;125,3;BR-116/RJ;Norte;Tombamento;1;1;;;;;1
18/11/2020;10:25:00;17;3 - Acidente com Vitima Sem Lesão;127;BR-116/RJ;Norte;Colisão Traseira;1;2;;;;;1
19/11/2020;01:39:00;2;2 - Acidente com Vitima;73,8;BR-116/RJ;Norte;Saida de Pista;1;0;;1;;;2
19/11/2020;16:23:00;30;3 - Acidente com Vitima Sem Lesão;104,4;BR-116/RJ;Norte;Colisão Transversal;1;2;;;;;1
20/11/2020;03:10:00;4;1 - Acidente com Vitima Fatal;53,3;BR-116/RJ;Sul;Saida de Pista;1;0;1;;;1;3
20/11/2020;00:35:00;2;3 - Acidente com Vitima Sem Lesão;123,45;BR-116/RJ;Sul;Saida de Pista;1;1;;;;;1
22/11/2020;06:25:00;7;2 - Acidente com Vitima;26,05;BR-116/RJ;Sul;Tombamento;1;0;;1;;;2
23/11/2020;04:33:00;6;3 - Acidente com Vitima Sem Lesão;95,7;BR-116/RJ;Norte;Tombamento;1;1;;;;;1
23/11/2020;06:32:00;9;3 - Acidente com Vitima Sem Lesão;143,6;BR-116/RJ;Sul;Engavetamento;1;3;;;;;1
24/11/2020;20:38:00;58;3 - Acidente com Vitima Sem Lesão;80,2;BR-116/RJ;Sul;Colisão Transversal;1;2;;;;;1
25/11/2020;19:36:00;42;3 - Acidente com Vitima Sem Lesão;123,35;BR-116/RJ;Sul;Colisão Traseira;1;2;;;;;1
26/11/2020;21:47:00;46;3 - Acidente com Vitima Sem Lesão;84,2;BR-116/RJ;Norte;Saida de Pista;1;1;;;;;1
26/11/2020;16:36:00;29;2 - Acidente com Vitima;118,75;BR-116/RJ;Norte;Colisão Lateral;1;1;;3;;;2
26/11/2020;08:41:00;10;3 - Acidente com Vitima Sem Lesão;142;BR-116/RJ;Sul;Colisão Traseira;1;2;;;;;1
27/11/2020;16:50:00;49;3 - Acidente com Vitima Sem Lesão;143,6;BR-116/RJ;Sul;Colisão Traseira;1;2;;;;;1
30/11/2020;16:19:00;50;3 - Acidente com Vitima Sem Lesão;136,1;BR-116/RJ;Norte;Colisão Lateral;1;2;;;;;1
01/12/2020;16:30:00;35;2 - Acidente com Vitima;29,3;BR-116/RJ;Norte;Colisão Traseira;3;2;;2;1;;2
01/12/2020;11:30:00;20;3 - Acidente com Vitima Sem Lesão;76,8;BR-116/RJ;Norte;Choque - Veiculo parado no acostamento;2;2;;;;;1
03/12/2020;06:45:00;3;3 - Acidente com Vitima Sem Lesão;140,9;BR-116/RJ;Sul;Colisão Lateral;1;4;;;;;1
04/12/2020;13:02:00;38;3 - Acidente com Vitima Sem Lesão;143,5;BR-116/RJ;Sul;Colisão Traseira;1;2;;;;;1
05/12/2020;05:24:00;7;3 - Acidente com Vitima Sem Lesão;71,8;BR-116/RJ;Norte;Tombamento;1;1;;;;;1
07/12/2020;19:48:00;54;3 - Acidente com Vitima Sem Lesão;91,7;BR-116/RJ;Sul;Saida de Pista;1;2;;;;;1
07/12/2020;22:10:00;62;2 - Acidente com Vitima;95,05;BR-116/RJ;Norte;Colisão Frontal;1;1;2;;;;1
08/12/2020;05:37:00;10;3 - Acidente com Vitima Sem Lesão;123,8;BR-116/RJ;Sul;Colisão Lateral;1;2;;;;;1
10/12/2020;08:46:00;12;3 - Acidente com Vitima Sem Lesão;137,85;BR-116/RJ;Sul;Queda de Moto;1;2;;;;;1
12/12/2020;01:34:00;4;3 - Acidente com Vitima Sem Lesão;121,85;BR-116/RJ;Sul;Saida de Pista;1;1;;;;;1
12/12/2020;17:27:00;58;2 - Acidente com Vitima;122,5;BR-116/RJ;Sul;Saida de Pista;1;1;1;;;;1
12/12/2020;22:50:00;73;2 - Acidente com Vitima;134,75;BR-116/RJ;Norte;Colisão Lateral;1;1;;1;;;2
14/12/2020;20:26:00;67;2 - Acidente com Vitima;86,5;BR-116/RJ;Norte;Choque - Defensa, barreira ou "submarino";1;0;;1;;;2
15/12/2020;02:34:00;5;3 - Acidente com Vitima Sem Lesão;27,7;BR-116/RJ;Norte;Tombamento;1;1;;;;;1
16/12/2020;03:17:00;4;2 - Acidente com Vitima;58,85;BR-116/RJ;Sul;Tombamento;1;0;1;;;;1
17/12/2020;02:19:00;3;3 - Acidente com Vitima Sem Lesão;60,9;BR-116/RJ;Sul;Tombamento;1;1;;;;;1
18/12/2020;06:30:00;11;3 - Acidente com Vitima Sem Lesão;133,4;BR-116/RJ;Sul;Colisão Traseira;1;2;;;;;1
19/12/2020;09:02:00;18;3 - Acidente com Vitima Sem Lesão;103,6;BR-116/RJ;Norte;Colisão Lateral;1;2;;;;;1
20/12/2020;17:11:00;59;3 - Acidente com Vitima Sem Lesão;98,8;BR-116/RJ;Norte;Engavetamento;1;4;;;;;1
23/12/2020;16:26:00;53;2 - Acidente com Vitima;127,8;BR-116/RJ;Sul;Colisão Lateral;1;1;2;1;;;2
23/12/2020;13:12:00;34;3 - Acidente com Vitima Sem Lesão;133,5;BR-116/RJ;Sul;Colisão Lateral;1;2;;;;;1
29/12/2020;08:30:00;15;3 - Acidente com Vitima Sem Lesão;133,5;BR-116/RJ;Norte;Colisão Traseira;1;2;;;;;1
03/01/2021;17:48:00;54;3 - Acidente com Vitima Sem Lesão;72,1;BR-116/RJ;Norte;Tombamento;1;1;;;;;1
10/01/2021;20:20:00;53;3 - Acidente com Vitima Sem Lesão;96,1;BR-116/RJ;Norte;Saida de Pista;1;1;;;;;1
13/01/2021;14:30:00;32;3 - Acidente com Vitima Sem Lesão;132,5;BR-116/RJ;Norte;Colisão Traseira;1;2;;;;;1
13/01/2021;10:55:00;17;3 - Acidente com Vitima Sem Lesão;142,7;BR-116/RJ;Norte;Engavetamento;1;5;;;;;1
15/01/2021;14:19:00;32;2 - Acidente com Vitima;77;BR-116/RJ;Sul;Atropelamento - Pessoa;1;1;;1;;;2
19/01/2021;07:24:00;10;3 - Acidente com Vitima Sem Lesão;137,85;BR-116/RJ;Sul;Colisão Lateral;1;2;;;;;1
21/01/2021;11:35:00;28;3 - Acidente com Vitima Sem Lesão;17;BR-116/RJ;Sul;Colisão Traseira;1;2;;;;;1
22/01/2021;06:00:00;9;3 - Acidente com Vitima Sem Lesão;114,6;BR-116/RJ;Sul;Choque - Veiculo parado no acostamento;1;2;;;;;1
23/01/2021;11:25:00;18;3 - Acidente com Vitima Sem Lesão;122,3;BR-116/RJ;Norte;Colisão Traseira;1;2;;;;;1
29/01/2021;13:11:00;34;1 - Acidente com Vitima Fatal;37,7;BR-116/RJ;Sul;Colisão Frontal;1;1;;;;1;3
30/01/2021;09:20:00;18;2 - Acidente com Vitima;132,4;BR-116/RJ;Sul;Tombamento;1;0;1;;;;1
31/01/2021;14:45:00;44;3 - Acidente com Vitima Sem Lesão;131,1;BR-116/RJ;Sul;Saida de Pista;1;1;;;;;1
01/02/2021;08:05:00;14;2 - Acidente com Vitima;95,3;BR-116/RJ;Norte;Choque - Veiculo parado na pista;1;1;;1;;;2
02/02/2021;13:38:00;31;3 - Acidente com Vitima Sem Lesão;128,05;BR-116/RJ;Sul;Choque - Defensa, barreira ou "submarino";1;2;;;;;1
05/02/2021;05:50:00;5;3 - Acidente com Vitima Sem Lesão;143;BR-116/RJ;Norte;Colisão Traseira;1;2;;;;;1
05/02/2021;05:50:00;15;3 - Acidente com Vitima Sem Lesão;143;BR-116/RJ;Norte;Colisão Traseira;2;2;;;;;1
05/02/2021;06:15:00;6;3 - Acidente com Vitima Sem Lesão;143,4;BR-116/RJ;Norte;Engavetamento;1;4;;;;;1
09/02/2021;09:02:00;12;3 - Acidente com Vitima Sem Lesão;126,85;BR-116/RJ;Sul;Colisão Lateral;2;3;;;;;1
10/02/2021;13:21:00;24;3 - Acidente com Vitima Sem Lesão;91,9;BR-116/RJ;Sul;Colisão Lateral;1;2;;;;;1
11/02/2021;20:44:00;54;2 - Acidente com Vitima;37,05;BR-116/RJ;Sul;Colisão Traseira;1;1;;;1;;2
11/02/2021;22:06:00;57;3 - Acidente com Vitima Sem Lesão;133,5;BR-116/RJ;Sul;Colisão Lateral;1;2;;;;;1
13/02/2021;09:20:00;34;3 - Acidente com Vitima Sem Lesão;123,45;BR-116/RJ;Norte;Colisão Lateral;2;2;;;;;1