data;horario;n_da_ocorrencia;tipo_de_ocorrencia;km;trecho;sentido;tipo_de_acidente;caminhao;ilesos;levemente_feridos;moderadamente_feridos;gravemente_feridos;mortos;3
18/02/2021;08:36:00;10;3 - Acidente com Vitima Sem Lesão;76,6;BR-116/RJ;Sul;Colisão Lateral;1;2;;;;;1
22/02/2021;12:33:00;23;3 - Acidente com Vitima Sem Lesão;2,5;BR-116/RJ;Norte;Saida de Pista;1;1;;;;;1
23/02/2021;17:50:00;39;3 - Acidente com Vitima Sem Lesão;74,8;BR-116/RJ;Norte;Choque - Suporte de Sinalização;1;2;;;;;1
25/02/2021;16:48:00;46;3 - Acidente com Vitima Sem Lesão;122,5;BR-116/RJ;Sul;Tombamento;1;1;;;;;1
03/03/2021;09:43:00;14;3 - Acidente com Vitima Sem Lesão;133,5;BR-116/RJ;Norte;Colisão Lateral;1;3;;;;;1
03/03/2021;03:44:00;1;2 - Acidente com Vitima;140,1;BR-116/RJ;Sul;Choque - Veiculo parado no acostamento;1;3;;2;;;2
08/03/2021;14:37:00;32;2 - Acidente com Vitima;84,2;BR-116/RJ;Sul;Colisão Frontal;1;1;;2;;;2
09/03/2021;09:26:00;18;3 - Acidente com Vitima Sem Lesão;142,2;BR-116/RJ;Norte;Colisão Lateral;1;2;;;;;1
10/03/2021;07:33:00;11;2 - Acidente com Vitima;80;BR-116/RJ;Norte;Colisão Lateral;1;1;;1;;;2
10/03/2021;06:07:00;4;3 - Acidente com Vitima Sem Lesão;133,6;BR-116/RJ;Sul;Colisão Traseira;1;2;;;;;1
11/03/2021;05:35:00;4;3 - Acidente com Vitima Sem Lesão;128,5;BR-116/RJ;Norte;Choque - Veiculo parado no acostamento;1;2;;;;;1
12/03/2021;13:59:00;32;2 - Acidente com Vitima;95,8;BR-116/RJ;Norte;Saida de Pista;1;1;;1;;;2
13/03/2021;03:17:00;6;1 - Acidente com Vitima Fatal;90,3;BR-116/RJ;Norte;Colisão Frontal;1;1;;;;1;3
18/03/2021;07:27:00;8;3 - Acidente com Vitima Sem Lesão;141,6;BR-116/RJ;Sul;Colisão Traseira;1;2;;;;;1
19/03/2021;18:25:00;45;3 - Acidente com Vitima Sem Lesão;12,7;BR-116/RJ;Norte;Saida de Pista;1;3;;;;;1
19/03/2021;23:32:00;62;2 - Acidente com Vitima;131,8;BR-116/RJ;Sul;Colisão Lateral;1;1;;2;;;2
23/03/2021;16:27:00;27;2 - Acidente com Vitima;104,8;BR-116/RJ;Norte;Choque - Veiculo parado no acostamento;1;2;;;1;;2
24/03/2021;21:15:00;53;2 - Acidente com Vitima;74;BR-116/RJ;Sul;Atropelamento - Pessoa;1;1;;1;;;2
25/03/2021;08:55:00;6;2 - Acidente com Vitima;93;BR-116/RJ;Sul;Colisão Lateral;1;1;;;1;;2
26/03/2021;18:43:00;60;3 - Acidente com Vitima Sem Lesão;66,8;BR-116/RJ;Norte;Colisão Traseira;1;2;;;;;1
26/03/2021;08:35:00;14;3 - Acidente com Vitima Sem Lesão;92;BR-116/RJ;Sul;Colisão Lateral;1;2;;;;;1
26/03/2021;21:21:00;78;2 - Acidente com Vitima;139,45;BR-116/RJ;Norte;Colisão Traseira;1;1;;1;;;2
27/03/2021;06:22:00;5;2 - Acidente com Vitima;13,2;BR-116/RJ;Norte;Tombamento;1;0;;1;;;2
28/03/2021;14:51:00;23;3 - Acidente com Vitima Sem Lesão;134,3;BR-116/RJ;Norte;Saida de Pista;1;2;;;;;1
29/03/2021;06:18:00;10;2 - Acidente com Vitima;41,1;BR-116/RJ;Norte;Colisão Frontal;1;2;;1;1;;2
29/03/2021;12:18:00;26;2 - Acidente com Vitima;93,7;BR-116/RJ;Sul;Saida de Pista;1;0;1;;1;;2
30/03/2021;04:29:00;4;3 - Acidente com Vitima Sem Lesão;37,5;BR-116/RJ;Sul;Queda de vegetação c/ veículo;1;2;;;;;1
03/04/2021;16:41:00;30;3 - Acidente com Vitima Sem Lesão;96,3;BR-116/RJ;Sul;Saida de Pista;1;2;;;;;1
05/04/2021;16:12:00;33;2 - Acidente com Vitima;102,8;BR-116/RJ;Sul;Tombamento;1;0;;1;;;2
09/04/2021;07:49:00;9;3 - Acidente com Vitima Sem Lesão;141;BR-116/RJ;Sul;Colisão Lateral;1;2;;;;;1
12/04/2021;10:12:00;15;2 - Acidente com Vitima;88,9;BR-116/RJ;Norte;Colisão Lateral;1;1;;;1;;2
15/04/2021;16:26:00;50;2 - Acidente com Vitima;133,35;BR-116/RJ;Sul;Colisão Lateral;1;1;1;;;;1
16/04/2021;22:52:00;62;1 - Acidente com Vitima Fatal;86,8;BR-116/RJ;Norte;Saida de Pista;1;0;;5;1;4;3
16/04/2021;09:20:00;10;3 - Acidente com Vitima Sem Lesão;140,4;BR-116/RJ;Sul;Colisão Traseira;1;2;;;;;1
22/04/2021;11:40:00;21;3 - Acidente com Vitima Sem Lesão;98,15;BR-116/RJ;Norte;Colisão Lateral;1;2;;;;;1
01/05/2021;13:40:00;17;3 - Acidente com Vitima Sem Lesão;141,6;BR-116/RJ;Norte;Colisão Lateral;1;2;;;;;1
03/05/2021;18:00:00;52;3 - Acidente com Vitima Sem Lesão;143,8;BR-116/RJ;Sul;Colisão Lateral;1;2;;;;;1
04/05/2021;17:13:00;33;2 - Acidente com Vitima;137,5;BR-116/RJ;Norte;Colisão Traseira;1;1;;1;;;2
07/05/2021;21:12:00;69;3 - Acidente com Vitima Sem Lesão;97;BR-116/RJ;Norte;Engavetamento;1;3;;;;;1
09/05/2021;00:28:00;1;2 - Acidente com Vitima;95,8;BR-116/RJ;Sul;Colisão Lateral;1;2;1;;;;1
10/05/2021;18:22:00;38;3 - Acidente com Vitima Sem Lesão;29,9;BR-116/RJ;Norte;Colisão Lateral;2;2;;;;;1
13/05/2021;11:25:00;11;3 - Acidente com Vitima Sem Lesão;95;BR-116/RJ;Norte;Choque - Defensa, barreira ou "submarino";1;1;;;;;1
14/05/2021;17:08:00;44;2 - Acidente com Vitima;29,6;BR-116/RJ;Sul;Saida de Pista;1;0;1;;;;1
14/05/2021;04:50:00;2;3 - Acidente com Vitima Sem Lesão;37,1;BR-116/RJ;Sul;Saida de Pista;1;1;;;;;1
16/05/2021;16:19:00;30;3 - Acidente com Vitima Sem Lesão;106;BR-116/RJ;Norte;Colisão Lateral;2;2;;;;;1
21/05/2021;15:40:00;39;3 - Acidente com Vitima Sem Lesão;132,2;BR-116/RJ;Sul;Saida de Pista;1;1;;;;;1
21/05/2021;13:26:00;31;3 - Acidente com Vitima Sem Lesão;137,75;BR-116/RJ;Sul;Colisão Traseira;1;2;;;;;1
22/05/2021;06:05:00;4;2 - Acidente com Vitima;107,5;BR-116/RJ;Norte;Colisão Frontal;1;1;;;1;;2
23/05/2021;15:38:00;33;2 - Acidente com Vitima;91,85;BR-116/RJ;Norte;Colisão Traseira;1;1;;1;;;2
23/05/2021;16:18:00;37;3 - Acidente com Vitima Sem Lesão;127,1;BR-116/RJ;Norte;Colisão Lateral;1;2;;;;;1
23/05/2021;23:54:00;73;2 - Acidente com Vitima;142,4;BR-116/RJ;Sul;Saida de Pista;1;3;2;;;;1
26/05/2021;09:19:00;13;3 - Acidente com Vitima Sem Lesão;70,9;BR-116/RJ;Sul;Colisão Lateral;1;2;;;;;1
28/05/2021;15:05:00;36;2 - Acidente com Vitima;131,6;BR-116/RJ;Sul;Colisão Lateral;1;1;;;1;;2
30/05/2021;23:15:00;42;3 - Acidente com Vitima Sem Lesão;17,05;BR-116/RJ;Norte;Colisão Lateral;1;5;;;;;1
31/05/2021;19:39:00;60;3 - Acidente com Vitima Sem Lesão;40,8;BR-116/RJ;Sul;Colisão Traseira;1;2;;;;;1
01/06/2021;12:00:00;17;2 - Acidente com Vitima;26;BR-116/RJ;Sul;Tombamento;1;0;1;;;;1
04/06/2021;09:27:00;21;3 - Acidente com Vitima Sem Lesão;90,1;BR-116/RJ;Norte;Colisão Traseira;1;3;;;;;1
05/06/2021;15:00:00;30;3 - Acidente com Vitima Sem Lesão;105,6;BR-116/RJ;Sul;Colisão Traseira;1;2;;;;;1
09/06/2021;18:33:00;40;3 - Acidente com Vitima Sem Lesão;137,4;BR-116/RJ;Sul;Colisão Lateral;2;2;;;;;1
10/06/2021;13:35:00;26;3 - Acidente com Vitima Sem Lesão;47,5;BR-116/RJ;Sul;Colisão Lateral;1;4;;;;;1
10/06/2021;13:50:00;27;3 - Acidente com Vitima Sem Lesão;104,6;BR-116/RJ;Norte;Colisão Traseira;2;2;;;;;1
11/06/2021;20:13:00;43;3 - Acidente com Vitima Sem Lesão;86;BR-116/RJ;Sul;Choque - Defensa, barreira ou "submarino";1;1;;;;;1
11/06/2021;18:42:00;38;3 - Acidente com Vitima Sem Lesão;124;BR-116/RJ;Norte;Colisão Lateral;1;3;;;;;1
14/06/2021;15:56:00;37;3 - Acidente com Vitima Sem Lesão;122,4;BR-116/RJ;Sul;Choque - Defensa, barreira ou "submarino";1;1;;;;;1
15/06/2021;06:40:00;4;2 - Acidente com Vitima;94,6;BR-116/RJ;Norte;Saida de Pista;1;1;1;;;;1
18/06/2021;17:55:00;55;3 - Acidente com Vitima Sem Lesão;29,5;BR-116/RJ;Norte;Colisão Lateral;2;2;;;;;1
20/06/2021;01:38:00;4;3 - Acidente com Vitima Sem Lesão;77,6;BR-116/RJ;Sul;Colisão Traseira;1;2;;;;;1
22/06/2021;07:18:00;9;3 - Acidente com Vitima Sem Lesão;94,1;BR-116/RJ;Norte;Colisão Lateral;1;2;;;;;1
23/06/2021;09:30:00;15;3 - Acidente com Vitima Sem Lesão;144;BR-116/RJ;Sul;Engavetamento;2;6;;;;;1
24/06/2021;19:40:00;41;3 - Acidente com Vitima Sem Lesão;27,6;BR-116/RJ;Sul;Tombamento;1;1;;;;;1
25/06/2021;15:08:00;23;3 - Acidente com Vitima Sem Lesão;84,2;BR-116/RJ;Norte;Saida de Pista;1;1;;;;;1
28/06/2021;18:22:00;49;2 - Acidente com Vitima;127,2;BR-116/RJ;Norte;Colisão Lateral;1;2;;1;;;2
29/06/2021;07:40:00;4;3 - Acidente com Vitima Sem Lesão;129,2;BR-116/RJ;Sul;Tombamento;2;3;;;;;1
02/07/2021;01:16:00;1;3 - Acidente com Vitima Sem Lesão;90,8;BR-116/RJ;Sul;Saida de Pista;1;2;;;;;1
05/07/2021;18:36:00;32;3 - Acidente com Vitima Sem Lesão;29,5;BR-116/RJ;Sul;Tombamento;1;5;;;;;1
07/07/2021;15:08:00;29;2 - Acidente com Vitima;109,03;BR-116/RJ;Norte;Colisão Lateral;1;2;;2;;;2
09/07/2021;10:56:00;22;3 - Acidente com Vitima Sem Lesão;66,6;BR-116/RJ;Sul;Tombamento;1;0;;1;;;2
09/07/2021;17:55:00;58;3 - Acidente com Vitima Sem Lesão;131,5;BR-116/RJ;Sul;Colisão Lateral;1;2;;;;;1
10/07/2021;00:27:00;2;2 - Acidente com Vitima;83,6;BR-116/RJ;Sul;Atropelamento - Pessoa;1;1;;;1;;2
10/07/2021;12:47:00;33;3 - Acidente com Vitima Sem Lesão;101,8;BR-116/RJ;Norte;Colisão Lateral;1;2;;;;;1
12/07/2021;07:02:00;11;3 - Acidente com Vitima Sem Lesão;139,35;BR-116/RJ;Sul;Colisão Traseira;1;4;;;;;1
13/07/2021;08:20:00;15;2 - Acidente com Vitima;64,6;BR-116/RJ;Norte;Colisão Frontal;1;0;1;1;1;;2
14/07/2021;20:57:00;66;3 - Acidente com Vitima Sem Lesão;22,05;BR-116/RJ;Norte;Saida de Pista;1;1;;;;;1
16/07/2021;22:01:00;64;3 - Acidente com Vitima Sem Lesão;104,9;BR-116/RJ;Sul;Colisão Lateral;1;2;;;;;1
19/07/2021;20:48:00;47;3 - Acidente com Vitima Sem Lesão;20,5;BR-116/RJ;Norte;Atropelamento de Animal;1;1;;;;;1
20/07/2021;16:17:00;39;3 - Acidente com Vitima Sem Lesão;104,5;BR-116/RJ;Norte;Colisão Traseira;1;2;;;;;1
22/07/2021;12:00:00;29;2 - Acidente com Vitima;114,9;BR-116/RJ;Sul;Colisão Lateral;1;1;;1;;;2
22/07/2021;18:11:00;50;3 - Acidente com Vitima Sem Lesão;133,4;BR-116/RJ;Norte;Colisão Lateral;1;2;;;;;1
25/07/2021;23:16:00;70;3 - Acidente com Vitima Sem Lesão;114,9;BR-116/RJ;Sul;Colisão Lateral;1;2;;;;;1
26/07/2021;06:18:00;6;3 - Acidente com Vitima Sem Lesão;109,9;BR-116/RJ;Norte;Colisão Traseira;1;2;;;;;1
27/07/2021;08:27:00;11;3 - Acidente com Vitima Sem Lesão;140,15;BR-116/RJ;Sul;Colisão Lateral;1;3;;;;;1
28/07/2021;16:07:00;32;3 - Acidente com Vitima Sem Lesão;122,8;BR-116/RJ;Norte;Saida de Pista;1;1;;;;;1
28/07/2021;10:09:00;17;3 - Acidente com Vitima Sem Lesão;125,3;BR-116/RJ;Norte;Colisão Lateral;1;2;;;;;1
28/07/2021;10:51:00;19;3 - Acidente com Vitima Sem Lesão;131;BR-116/RJ;Norte;Saida de Pista;1;2;;;;;1
30/07/2021;07:54:00;8;2 - Acidente com Vitima;61;BR-116/RJ;Sul;Tombamento;1;0;1;1;;;2
30/07/2021;17:08:00;42;3 - Acidente com Vitima Sem Lesão;133,5;BR-116/RJ;Norte;Colisão Lateral;1;2;;;;;1
02/08/2021;17:45:00;44;3 - Acidente com Vitima Sem Lesão;137,3;BR-116/RJ;Sul;Colisão Lateral;1;3;;;;;1
09/08/2021;11:22:00;33;3 - Acidente com Vitima Sem Lesão;90,7;BR-116/RJ;Norte;Colisão Traseira;1;3;;;;;1
09/08/2021;15:29:00;50;3 - Acidente com Vitima Sem Lesão;122,45;BR-116/RJ;Norte;Colisão Traseira;2;2;;;;;1
13/08/2021;11:45:00;24;3 - Acidente com Vitima Sem Lesão;85,95;BR-116/RJ;Norte;Colisão Traseira;1;3;;;;;1
15/08/2021;21:57:00;62;2 - Acidente com Vitima;72,8;BR-116/RJ;Norte;Queda de Moto;1;1;;1;;;2
25/08/2021;08:29:00;11;2 - Acidente com Vitima;133,8;BR-116/RJ;Norte;Colisão Lateral;2;1;;1;;;2
26/08/2021;01:33:00;3;3 - Acidente com Vitima Sem Lesão;32,5;BR-116/RJ;Norte;Saida de Pista;1;1;;;;;1
31/08/2021;12:11:00;39;3 - Acidente com Vitima Sem Lesão;133,5;BR-116/RJ;Norte;Colisão Traseira;2;4;;;;;1
03/09/2021;09:00:00;17;2 - Acidente com Vitima;125,05;BR-116/RJ;Norte;Atropelamento - Pessoa;1;2;;3;1;;2
04/09/2021;15:06:00;42;3 - Acidente com Vitima Sem Lesão;143,5;BR-116/RJ;Norte;Colisão Lateral;1;3;;;;;1
05/09/2021;03:17:00;6;2 - Acidente com Vitima;53,4;BR-116/RJ;Norte;Saida de Pista;1;0;;;1;;2
05/09/2021;21:51:00;48;2 - Acidente com Vitima;66,5;BR-116/RJ;Norte;Colisão Lateral;1;1;;1;;;2
06/09/2021;16:00:00;43;3 - Acidente com Vitima Sem Lesão;100,3;BR-116/RJ;Norte;Saida de Pista;1;1;;;;;1
11/09/2021;15:50:00;34;3 - Acidente com Vitima Sem Lesão;102,3;BR-116/RJ;Sul;Saida de Pista;1;0;1;;;;1
16/09/2021;08:50:00;8;2 - Acidente com Vitima;99;BR-116/RJ;Norte;Colisão Lateral;1;2;;;1;;2
16/09/2021;15:29:00;25;3 - Acidente com Vitima Sem Lesão;143,9;BR-116/RJ;Sul;Engavetamento;1;3;;;;;1
17/09/2021;09:08:00;12;3 - Acidente com Vitima Sem Lesão;130,1;BR-116/RJ;Sul;Saida de Pista;1;1;;;;;1
18/09/2021;04:43:00;3;1 - Acidente com Vitima Fatal;77,9;BR-116/RJ;Sul;Colisão Lateral;1;1;;;;1;3
18/09/2021;07:23:00;6;2 - Acidente com Vitima;91,1;BR-116/RJ;Norte;Colisão Lateral;1;1;;1;1;;2
21/09/2021;14:07:00;34;3 - Acidente com Vitima Sem Lesão;29,3;BR-116/RJ;Sul;Colisão Traseira;1;1;2;;;;1
22/09/2021;06:53:00;5;3 - Acidente com Vitima Sem Lesão;99,2;BR-116/RJ;Norte;Saida de Pista;1;2;;;;;1
22/09/2021;16:27:00;33;1 - Acidente com Vitima Fatal;135,65;BR-116/RJ;Norte;Atropelamento - Pessoa;1;1;;;;1;3
29/09/2021;18:45:00;45;3 - Acidente com Vitima Sem Lesão;91,3;BR-116/RJ;Sul;Saida de Pista;1;2;;;;;1
29/09/2021;07:06:00;6;2 - Acidente com Vitima;141,3;BR-116/RJ;Sul;Colisão Traseira;1;3;;1;;;2
30/09/2021;17:35:00;40;1 - Acidente com Vitima Fatal;68,6;BR-116/RJ;Norte;Colisão Traseira;1;1;;;;1;3
03/10/2021;09:59:00;18;2 - Acidente com Vitima;99,3;BR-116/RJ;Sul;Saida de Pista;1;0;1;;;;1
04/10/2021;07:44:00;14;3 - Acidente com Vitima Sem Lesão;133,4;BR-116/RJ;Norte;Colisão Traseira;1;3;;;;;1
06/10/2021;12:46:00;33;3 - Acidente com Vitima Sem Lesão;143,05;BR-116/RJ;Sul;Colisão Traseira;1;2;;;;;1
07/10/2021;07:47:00;10;3 - Acidente com Vitima Sem Lesão;143,95;BR-116/RJ;Sul;Engavetamento;2;3;;;;;1
09/10/2021;08:35:00;14;2 - Acidente com Vitima;122,5;BR-116/RJ;Sul;Tombamento;1;0;;1;;;2
11/10/2021;14:10:00;18;3 - Acidente com Vitima Sem Lesão;133,5;BR-116/RJ;Norte;Colisão Lateral;1;3;;;;;1
12/10/2021;10:51:00;15;3 - Acidente com Vitima Sem Lesão;137,4;BR-116/RJ;Norte;Colisão Traseira;1;2;;;;;1
15/10/2021;02:30:00;2;3 - Acidente com Vitima Sem Lesão;4;BR-116/RJ;Sul;Saida de Pista;1;2;;;;;1
15/10/2021;06:45:00;7;2 - Acidente com Vitima;95,03;BR-116/RJ;Norte;Colisão Lateral;1;1;;1;;;2
15/10/2021;17:16:00;50;3 - Acidente com Vitima Sem Lesão;143,8;BR-116/RJ;Norte;Tombamento;1;0;1;;;;1
18/10/2021;16:55:00;51;3 - Acidente com Vitima Sem Lesão;27,95;BR-116/RJ;Sul;Saida de Pista;1;1;;;;;1
18/10/2021;10:36:00;20;2 - Acidente com Vitima;86,4;BR-116/RJ;Sul;Colisão Lateral;1;2;;1;;;2
20/10/2021;14:21:00;42;3 - Acidente com Vitima Sem Lesão;143,95;BR-116/RJ;Sul;Colisão Traseira;2;2;;;;;1
22/10/2021;22:00:00;66;3 - Acidente com Vitima Sem Lesão;4,1;BR-116/RJ;Norte;Saida de Pista;1;1;;;;;1
22/10/2021;12:05:00;33;3 - Acidente com Vitima Sem Lesão;143,8;BR-116/RJ;Sul;Colisão Lateral;1;2;;;;;1
25/10/2021;13:02:00;19;2 - Acidente com Vitima;101,15;BR-116/RJ;Norte;Saida de Pista;2;1;;1;;;2
28/10/2021;16:37:00;36;2 - Acidente com Vitima;32,4;BR-116/RJ;Norte;Colisão Lateral;2;1;;1;;;2
29/10/2021;22:46:00;61;1 - Acidente com Vitima Fatal;61,8;BR-116/RJ;Sul;Colisão Frontal;1;1;;;;1;3
31/10/2021;18:26:00;40;2 - Acidente com Vitima;100,3;BR-116/RJ;Sul;Choque - Veiculo parado no acostamento;1;5;;1;;;2
01/11/2021;17:02:45;39;Com vítima;63,100;BR-116/RJ;Decrescente;Tombamento;1;0;0;1;0;0;2
03/11/2021;03:17:03;3;Sem vítima;48,400;BR-116/RJ;Decrescente;Atropelamento de animal;1;1;0;0;0;0;1
08/11/2021;14:37:22;23;Sem vítima;132,800;BR-116/RJ;Decrescente;Colisão lateral no mesmo sentido;1;1;0;0;0;0;1
13/11/2021;15:07:19;35;Sem vítima;51,200;BR-116/RJ;Decrescente;Colisão lateral no mesmo sentido;1;2;0;0;0;0;1
17/11/2021;17:43:00;46;Sem vítima;89,400;BR-116/RJ;Crescente;Colisão lateral no mesmo sentido;1;2;0;0;0;0;1
18/11/2021;11:57:48;15;Sem vítima;133,700;BR-116/RJ;Crescente;Colisão traseira;2;2;0;0;0;0;1
19/11/2021;12:18:59;21;Sem vítima;133,500;BR-116/RJ;Crescente;Choque;1;1;0;0;0;0;1
22/11/2021;16:43:12;30;Com vítima;103,700;BR-116/RJ;Decrescente;Colisão traseira;1;1;0;1;0;0;2
22/11/2021;18:07:18;34;Com vítima;107,500;BR-116/RJ;Crescente;Colisão lateral no mesmo sentido;1;1;0;1;0;0;2
24/11/2021;14:23:52;18;Sem vítima;133,500;BR-116/RJ;Decrescente;Choque;1;1;0;0;0;0;1
26/11/2021;23:27:37;76;Com vítima;95,100;BR-116/RJ;Decrescente;Colisão lateral no mesmo sentido;1;1;0;2;0;0;2
29/11/2021;00:00:07;58;Com vítima;131,950;BR-116/RJ;Decrescente;Colisão traseira;1;0;0;2;0;0;2
01/12/2021;07:13:00;4;Com vítima;102,600;BR-116/RJ;Decrescente;Saída de pista;1;0;0;1;0;0;2
02/12/2021;16:15:28;30;Sem vítima;99,300;BR-116/RJ;Decrescente;Saída de pista;1;1;0;0;0;0;1
09/12/2021;10:49:21;14;Sem vítima;127,300;BR-116/RJ;Decrescente;Colisão lateral no mesmo sentido;1;2;0;0;0;0;1
13/12/2021;11:27:56;24;Sem vítima;105,100;BR-116/RJ;Crescente;Saída de pista;1;2;0;0;0;0;1
15/12/2021;21:49:30;65;Sem vítima;98,100;BR-116/RJ;Decrescente;Saída de pista;1;3;0;0;0;0;1
16/12/2021;02:17:47;3;Sem vítima;127,850;BR-116/RJ;Decrescente;Saída de pista;1;1;0;0;0;0;1
20/12/2021;18:16:55;43;Sem vítima;133,600;BR-116/RJ;Crescente;Colisão lateral no mesmo sentido;1;1;0;0;0;0;1
28/12/2021;14:00:17;31;Sem vítima;60,800;BR-116/RJ;Crescente;Colisão traseira;2;2;0;0;0;0;1
31/12/2021;15:04:46;23;Sem vítima;91,100;BR-116/RJ;Crescente;Colisão traseira;1;3;0;0;0;0;1
03/01/2022;10:49:18;23;Sem vítima;58,850;BR-116/RJ;Crescente;Colisão lateral no mesmo sentido;1;3;0;0;0;0;1
07/01/2022;19:44:53;43;Sem vítima;143,500;BR-116/RJ;Decrescente;Colisão traseira;1;1;0;0;0;0;1
11/01/2022;14:28:20;46;Sem vítima;11,500;BR-116/RJ;Crescente;Acidentes de outra natureza;1;1;0;0;0;0;1
13/01/2022;17:08:13;52;Sem vítima;95,150;BR-116/RJ;Crescente;Saída de pista;1;1;0;0;0;0;1
20/01/2022;19:28:09;55;Com vítima;73,500;BR-116/RJ;Decrescente;Saída de pista;1;1;0;0;0;1;3
25/01/2022;12:52:01;13;Com vítima;40,900;BR-116/RJ;Decrescente;Colisão lateral no mesmo sentido;1;1;0;0;1;0;2
26/01/2022;09:05:48;14;Sem vítima;137,400;BR-116/RJ;Crescente;Colisão traseira;1;2;0;0;0;0;1
08/02/2022;18:30:03;36;Sem vítima;122,500;BR-116/RJ;Decrescente;Choque;1;2;0;0;0;0;1
09/02/2022;21:00:14;47;Com vítima;103,800;BR-116/RJ;Crescente;Colisão lateral no mesmo sentido;1;4;0;1;0;0;2
12/02/2022;19:43:51;50;Com vítima;99,400;BR-116/RJ;Decrescente;Saída de pista;1;0;0;1;0;0;2
01/03/2022;17:23:43;40;Sem vítima;109,500;BR-116/RJ;Crescente;Colisão traseira;1;2;0;0;0;0;1
05/03/2022;15:59:18;33;Com vítima;93,500;BR-116/RJ;Crescente;Colisão lateral no mesmo sentido;1;1;0;0;1;0;2
15/03/2022;19:08:27;51;Com vítima;29,400;BR-116/RJ;Crescente;Colisão traseira;2;2;0;1;0;0;2
22/03/2022;09:27:53;10;Sem vítima;129,500;BR-116/RJ;Crescente;Colisão lateral no mesmo sentido;1;1;0;0;0;0;1
01/04/2022;07:02:01;9;Sem vítima;126,800;BR-116/RJ;Crescente;Colisão lateral no mesmo sentido;2;2;0;0;0;0;1
01/04/2022;19:01:02;47;Com vítima;107,050;BR-116/RJ;Decrescente;Atropelamento de pedestre;1;1;0;0;1;0;2
03/04/2022;21:28:45;39;Com vítima;57,500;BR-116/RJ;Crescente;Colisão lateral no mesmo sentido;1;4;0;2;0;0;2
06/04/2022;01:58:10;1;Sem vítima;29,300;BR-116/RJ;Crescente;Colisão lateral no mesmo sentido;1;1;0;0;0;0;1
21/04/2022;01:53:22;1;Com vítima;129,800;BR-116/RJ;Crescente;Colisão traseira;1;1;0;1;0;0;2
25/04/2022;14:04:55;31;Sem vítima;66,000;BR-116/RJ;Crescente;Colisão traseira;1;2;0;0;0;0;1
28/04/2022;13:49:36;27;Sem vítima;92,300;BR-116/RJ;Decrescente;Colisão traseira;1;2;0;0;0;0;1
02/05/2022;09:39:04;25;Com vítima;99,400;BR-116/RJ;Decrescente;Tombamento;1;1;0;1;0;0;2
04/05/2022;13:03:30;25;Com vítima;94,800;BR-116/RJ;Crescente;Colisão traseira;2;2;0;1;0;0;2
22/05/2022;05:15:29;5;Com vítima;57,950;BR-116/RJ;Decrescente;Colisão traseira;1;1;0;0;0;1;3
25/05/2022;14:41:33;25;Sem vítima;84,900;BR-116/RJ;Crescente;Saída de pista;1;1;0;0;0;0;1
25/05/2022;20:57:00;45;Com vítima;14,500;BR-116/RJ;Crescente;Colisão lateral no mesmo sentido;1;0;0;1;0;0;2
30/05/2022;04:22:50;5;Sem vítima;130,500;BR-116/RJ;Decrescente;Atropelamento de animal;1;1;0;0;0;0;1
03/06/2022;15:47:27;25;Sem vítima;88,300;BR-116/RJ;Decrescente;Saída de pista;1;1;0;0;0;0;1
22/06/2022;04:23:54;3;Sem vítima;66,000;BR-116/RJ;Decrescente;Atropelamento de animal;1;1;0;0;0;0;1
22/06/2022;16:37:43;34;Sem vítima;92,400;BR-116/RJ;Decrescente;Colisão traseira;1;2;0;0;0;0;1
23/06/2022;09:52:47;13;Sem vítima;133,500;BR-116/RJ;Decrescente;Colisão traseira;1;2;0;0;0;0;1
01/07/2022;00:36:27;1;Sem vítima;129,600;BR-116/RJ;Decrescente;Colisão lateral no mesmo sentido;1;1;0;0;0;0;1
02/07/2022;09:22:10;14;Sem vítima;90,700;BR-116/RJ;Crescente;Engavetamento;1;2;0;0;0;0;1
04/07/2022;19:33:01;46;Sem vítima;133,500;BR-116/RJ;Crescente;Colisão traseira;1;1;0;0;0;0;1
05/07/2022;00:45:58;2;Sem vítima;98,700;BR-116/RJ;Decrescente;Saída de pista;1;1;0;0;0;0;1
12/07/2022;07:22:07;4;Sem vítima;128,700;BR-116/RJ;Crescente;Saída de pista;1;1;0;0;0;0;1
18/07/2022;15:40:36;33;Sem vítima;135,500;BR-116/RJ;Decrescente;Saída de pista;1;1;0;0;0;0;1
21/07/2022;01:20:07;1;Sem vítima;26,500;BR-116/RJ;Crescente;Atropelamento de animal;1;0;0;0;0;0;1
24/07/2022;17:55:32;34;Sem vítima;58,800;BR-116/RJ;Decrescente;Saída de pista;1;1;0;0;0;0;1